time,height,speed,acceleration
-0.3,8.07126,0,4.95431
-0.29,8.07126,0,-3.31381
-0.28,5.28241,0,0
-0.27,5.28241,0,-3.31381
-0.26,5.28241,0,3.31381
-0.25,5.28241,0,-3.31381
-0.24,5.28241,0,-4.95431
-0.23,4.46216,0,-3.31381
-0.22,4.46216,0,1.6405
-0.21,4.46216,0,-4.95431
-0.2,4.46216,0,-3.31381
-0.19,4.46216,0,-1.6405
-0.18,7.25101,0,-1.6405
-0.17,7.25101,0,-3.31381
-0.16,7.25101,0,-1.6405
-0.15,7.25101,0,0
-0.14,7.25101,0,1.6405
-0.13,9.74457,0,-4.95431
-0.12,9.74457,0,0
-0.11,9.74457,0,-1.6405
-0.1,9.74457,0,3.31381
-0.09,9.74457,0,1.6405
-0.08,5.84018,0.03281,1.6405
-0.07,5.84018,0.19686,-6.59481
-0.06,5.84018,0.75463,1.6405
-0.05,5.84018,1.93579,26.41205
-0.04,5.84018,3.97001,315.14005
-0.03,6.39795,6.95572,461.99761
-0.02,6.39795,10.76168,475.22004
-0.01,6.39795,15.15822,496.64497
0,6.39795,19.85005,495.00447
0,6.39795,19.85005,495.00447
0,6.39795,19.85005,495.00447
0,6.39795,19.85005,495.00447
0,6.39795,19.85005,495.00447
0,6.39795,19.85005,495.00447
0,6.39795,19.85005,495.00447
0,6.39795,19.85005,495.00447
0,6.39795,19.85005,495.00447
0,6.39795,19.85005,495.00447
0,6.39795,19.85005,495.00447
0,6.39795,19.85005,495.00447
0,6.39795,19.85005,495.00447
0,6.39795,19.85005,495.00447
0,6.39795,19.85005,495.00447
0,6.39795,19.85005,495.00447
0,6.39795,19.85005,495.00447
0,6.39795,19.85005,495.00447
0,6.39795,19.85005,495.00447
0,6.39795,19.85005,495.00447
0,6.39795,19.85005,495.00447
0,6.39795,19.85005,495.00447
0,6.39795,19.85005,495.00447
0,6.39795,19.85005,495.00447
0,6.39795,19.85005,495.00447
0,6.39795,19.85005,495.00447
0,6.39795,19.85005,495.00447
0,6.39795,19.85005,495.00447
0,6.39795,19.85005,495.00447
0,6.39795,19.85005,495.00447
0,6.39795,19.85005,495.00447
0,6.39795,19.85005,495.00447
0,6.39795,19.85005,495.00447
0,6.39795,19.85005,495.00447
0,6.39795,19.85005,495.00447
0,6.39795,19.85005,495.00447
0,6.39795,19.85005,495.00447
0,6.39795,19.85005,495.00447
0,6.39795,19.85005,495.00447
0,6.39795,19.85005,495.00447
0,6.39795,19.85005,495.00447
0,6.39795,19.85005,495.00447
0,6.39795,19.85005,495.00447
0,6.39795,19.85005,495.00447
0.01,6.39795,24.57469,473.54673
0.02,14.46921,29.2009,463.67092
0.02,14.46921,29.2009,463.67092
0.03,14.46921,33.72868,445.49418
0.04,14.46921,38.09241,420.75544
0.05,14.46921,42.3249,412.52013
0.06,14.46921,46.49177,402.61151
0.07,8.33374,50.56021,399.2977
0.08,8.33374,54.59584,404.25201
0.09,8.33374,58.56585,409.20632
0.1,8.33374,62.50305,392.70289
0.11,8.33374,66.40744,367.96415
0.12,3.34662,70.24621,379.51327
0.13,3.34662,74.05217,392.70289
0.14,3.34662,77.82532,361.36934
0.15,3.34662,81.63128,387.74858
0.16,3.34662,85.43724,381.15377
0.17,3.34662,89.21039,381.15377
0.18,11.68036,92.95073,372.91846
0.19,11.68036,96.65826,367.96415
0.2,11.68036,100.33298,366.29084
0.21,11.68036,103.97489,361.36934
0.22,18.63608,107.58399,359.69603
0.23,18.63608,111.19309,356.41503
0.24,18.63608,114.73657,354.74172
0.25,18.63608,118.28005,349.82022
0.26,18.63608,121.79072,349.82022
0.27,22.27799,125.30139,353.10122
0.28,22.27799,128.77925,346.50641
0.29,22.27799,132.25711,348.14691
0.3,22.27799,135.70216,341.5521
0.31,22.27799,139.1144,338.2711
0.32,26.74015,142.52664,344.86591
0.33,26.74015,145.93888,338.2711
0.34,26.74015,149.2855,336.59779
0.34,26.74015,149.2855,336.59779
0.35,26.74015,152.66493,334.95729
0.36,26.74015,155.97874,330.00298
0.37,35.07389,159.29255,333.31679
0.38,35.07389,162.57355,323.40817
0.39,35.07389,165.82174,326.72198
0.4,35.07389,169.06993,318.45386
0.41,35.07389,172.28531,318.45386
0.42,41.50465,175.46788,323.40817
0.43,41.50465,178.65045,315.14005
0.44,41.50465,181.80021,316.81336
0.45,41.50465,184.94997,315.14005
0.46,41.50465,188.06692,308.54524
0.47,52.92253,191.15106,303.59093
0.48,52.92253,194.20239,305.26424
0.49,52.92253,197.22091,301.95043
0.5,52.92253,200.23943,298.66943
0.51,52.92253,203.22514,296.99612
0.52,62.96239,206.21085,301.95043
0.53,62.96239,209.16375,290.40131
0.54,62.96239,212.08384,290.40131
0.55,62.96239,215.00393,293.71512
0.56,62.96239,217.89121,290.40131
0.57,74.11779,220.77849,287.12031
0.58,74.11779,223.63296,280.49269
0.59,74.11779,226.45462,280.49269
0.6,74.11779,229.27628,285.447
0.61,74.11779,232.06513,275.57119
0.62,77.46441,234.82117,272.25738
0.63,77.46441,237.5444,275.57119
0.64,77.46441,240.26763,268.94357
0.65,77.46441,242.92524,270.61688
0.66,77.46441,245.58285,257.39445
0.66,77.46441,245.58285,257.39445
0.67,90.29312,248.17484,259.06776
0.68,90.29312,250.76683,257.39445
0.69,90.29312,253.2932,252.44014
0.7,90.29312,255.78676,245.84533
0.71,90.29312,258.28032,244.20483
0.72,91.67114,260.70826,249.15914
0.73,91.67114,263.1362,232.65571
0.74,91.67114,265.49852,237.61002
0.75,91.67114,267.86084,237.61002
0.76,91.67114,270.19035,231.01521
0.77,102.26877,272.51986,231.01521
0.78,102.26877,274.78375,224.4204
0.79,102.26877,277.04764,221.10659
0.8,102.26877,279.27872,222.74709
0.81,102.26877,281.47699,221.10659
0.82,117.06608,283.67526,221.10659
0.83,117.06608,285.80791,214.51178
0.84,117.06608,287.94056,209.55747
0.85,117.06608,290.00759,201.28935
0.86,117.06608,292.04181,199.64885
0.86,117.06608,292.04181,199.64885
0.86,117.06608,292.04181,199.64885
0.86,117.06608,292.04181,199.64885
0.86,117.06608,292.04181,199.64885
0.86,117.06608,292.04181,199.64885
0.87,132.45397,294.04322,198.00835
0.88,132.45397,296.01182,201.28935
0.89,132.45397,297.94761,193.05404
0.9,132.45397,299.8834,186.45923
0.91,132.45397,301.75357,188.09973
0.92,144.72491,303.62374,183.14542
0.93,144.72491,305.4611,184.81873
0.94,144.72491,307.29846,183.14542
0.95,144.72491,309.10301,178.19111
0.96,144.72491,310.87475,176.55061
0.97,159.25974,312.64649,171.5963
0.98,159.25974,314.38542,176.55061
0.98,159.25974,314.38542,176.55061
0.99,159.25974,316.12435,174.91011
1,159.25974,317.79766,173.26961
1.01,159.25974,319.47097,161.68768
1.02,172.12126,321.11147,155.09287
1.03,172.12126,322.68635,158.40668
1.04,172.12126,324.26123,153.45237
1.05,172.12126,325.77049,160.04718
1.06,172.12126,327.27975,138.58944
1.07,189.47775,328.7562,148.49806
1.08,189.47775,330.23265,145.21706
1.09,189.47775,331.64348,141.90325
1.1,189.47775,333.05431,140.26275
1.11,189.47775,334.43233,143.54375
1.12,200.66596,335.77754,128.71363
1.13,200.66596,337.08994,127.04032
1.14,200.66596,338.36953,122.08601
1.15,200.66596,339.64912,127.04032
1.16,200.66596,340.86309,125.39982
1.17,213.82277,342.07706,118.80501
1.18,213.82277,343.29103,120.44551
1.19,213.82277,344.43938,118.80501
1.2,213.82277,345.58773,105.61539
1.21,213.82277,346.67046,112.2102
1.22,224.7485,347.72038,100.66108
1.23,224.7485,348.7703,102.30158
1.24,224.7485,349.7546,95.70677
1.25,224.7485,350.70609,92.39296
1.26,224.7485,351.65758,95.70677
1.27,244.1064,352.54345,90.75246
1.28,244.1064,353.42932,85.79815
1.29,244.1064,354.24957,80.84384
1.3,244.1064,355.06982,80.84384
1.3,244.1064,355.06982,80.84384
1.31,244.1064,355.82445,69.29472
1.32,262.31595,356.54627,70.93522
1.33,262.31595,357.20247,69.29472
1.34,262.31595,357.85867,61.05941
1.35,262.31595,358.44925,54.4646
1.36,262.31595,358.97421,49.51029
1.37,274.65251,359.46636,49.51029
1.38,274.65251,359.89289,46.19648
1.39,274.65251,360.2538,36.28786
1.4,274.65251,360.54909,21.45774
1.41,274.65251,360.74595,13.18962
1.42,298.2429,360.84438,1.6405
1.43,298.2429,360.87719,0
1.44,298.2429,360.81157,-6.59481
1.45,298.2429,360.68033,-21.45774
1.46,298.2429,360.48347,-24.73874
1.47,314.51666,360.22099,-29.69305
1.48,314.51666,359.89289,-33.00686
1.49,314.51666,359.53198,-41.24217
1.5,314.51666,359.13826,-46.19648
1.51,314.51666,358.71173,-46.19648
1.52,331.381,358.2852,-39.60167
1.53,331.381,357.82586,-46.19648
1.54,331.381,357.36652,-47.83698
1.54,331.381,357.36652,-47.83698
1.55,331.381,356.87437,-49.51029
1.56,331.381,356.41503,-46.19648
1.57,356.38222,355.92288,-51.15079
1.58,356.38222,355.46354,-44.55598
1.59,356.38222,354.93858,-46.19648
1.6,356.38222,354.44643,-52.79129
1.61,356.38222,353.92147,-57.7456
1.62,372.7216,353.39651,-57.7456
1.62,372.7216,353.39651,-57.7456
1.63,372.7216,352.87155,-52.79129
1.64,372.7216,352.31378,-49.51029
1.65,372.7216,351.78882,-46.19648
1.65,372.7216,351.78882,-46.19648
1.66,372.7216,351.26386,-56.1051
1.67,390.73429,350.7389,-57.7456
1.68,390.73429,350.21394,-59.3861
1.69,390.73429,349.68898,-47.83698
1.7,390.73429,349.16402,-46.19648
1.71,390.73429,348.67187,-49.51029
1.72,399.72423,348.17972,-44.55598
1.73,399.72423,347.68757,-51.15079
1.74,399.72423,347.19542,-52.79129
1.75,399.72423,346.70327,-49.51029
1.76,399.72423,346.21112,-51.15079
1.77,418.88527,345.71897,-42.91548
1.78,418.88527,345.22682,-49.51029
1.79,418.88527,344.73467,-51.15079
1.8,418.88527,344.24252,-49.51029
1.81,418.88527,343.75037,-49.51029
1.82,432.69828,343.25822,-51.15079
1.83,432.69828,342.76607,-49.51029
1.84,432.69828,342.27392,-51.15079
1.84,432.69828,342.27392,-51.15079
1.84,432.69828,342.27392,-51.15079
1.84,432.69828,342.27392,-51.15079
1.84,432.69828,342.27392,-51.15079
1.84,432.69828,342.27392,-51.15079
1.85,432.69828,341.78177,-41.24217
1.86,432.69828,341.28962,-54.4646
1.87,453.82792,340.83028,-46.19648
1.88,453.82792,340.33813,-49.51029
1.89,453.82792,339.84598,-47.83698
1.9,453.82792,339.35383,-44.55598
1.91,453.82792,338.86168,-49.51029
1.92,470.4954,338.33672,-57.7456
1.93,470.4954,337.81176,-56.1051
1.94,470.4954,337.2868,-51.15079
1.94,470.4954,337.2868,-51.15079
1.95,470.4954,336.76184,-49.51029
1.96,470.4954,336.23688,-54.4646
1.97,488.27842,335.71192,-49.51029
1.98,488.27842,335.18696,-52.79129
1.99,488.27842,334.662,-54.4646
2,488.27842,334.16985,-49.51029
2.01,488.27842,333.64489,-59.3861
2.02,506.9145,333.11993,-44.55598
2.03,506.9145,332.62778,-49.51029
2.04,506.9145,332.10282,-49.51029
2.05,506.9145,331.61067,-49.51029
2.06,506.9145,331.11852,-54.4646
2.07,523.84446,330.62637,-46.19648
2.08,523.84446,330.13422,-47.83698
2.09,523.84446,329.67488,-49.51029
2.1,523.84446,329.18273,-42.91548
2.11,523.84446,328.69058,-44.55598
2.12,543.62889,328.19843,-59.3861
2.13,543.62889,327.70628,-47.83698
2.14,543.62889,327.21413,-51.15079
2.15,543.62889,326.72198,-47.83698
2.16,543.62889,326.26264,-42.91548
2.17,555.8014,325.77049,-47.83698
2.18,555.8014,325.31115,-49.51029
2.19,555.8014,324.819,-47.83698
2.2,555.8014,324.32685,-47.83698
2.21,555.8014,323.8347,-52.79129
2.22,566.00531,323.34255,-49.51029
2.23,566.00531,322.8504,-47.83698
2.24,566.00531,322.32544,-56.1051
2.25,566.00531,321.83329,-47.83698
2.26,566.00531,321.37395,-44.55598
2.26,566.00531,321.37395,-44.55598
2.27,585.78974,320.8818,-46.19648
2.28,585.78974,320.42246,-49.51029
2.29,585.78974,319.96312,-42.91548
2.3,585.78974,319.47097,-42.91548
2.31,585.78974,319.01163,-57.7456
2.32,595.99365,318.51948,-46.19648
2.33,595.99365,318.02733,-46.19648
2.34,595.99365,317.56799,-46.19648
2.35,595.99365,317.07584,-51.15079
2.36,595.99365,316.6165,-46.19648
2.37,612.43146,316.15716,-44.55598
2.38,612.43146,315.69782,-44.55598
2.39,612.43146,315.23848,-46.19648
2.4,612.43146,314.77914,-46.19648
2.41,612.43146,314.3198,-44.55598
2.42,629.42704,313.86046,-49.51029
2.43,629.42704,313.36831,-46.19648
2.44,629.42704,312.90897,-46.19648
2.45,629.42704,312.41682,-51.15079
2.46,629.42704,311.95748,-44.55598
2.47,654.95322,311.46533,-49.51029
2.48,654.95322,310.97318,-54.4646
2.49,654.95322,310.44822,-49.51029
2.5,654.95322,309.95607,-51.15079
2.51,654.95322,309.46392,-46.19648
2.52,665.15713,309.00458,-47.83698
2.53,665.15713,308.51243,-47.83698
2.54,665.15713,308.05309,-46.19648
2.55,665.15713,307.56094,-46.19648
2.56,665.15713,307.1016,-47.83698
2.57,679.36386,306.60945,-46.19648
2.58,679.36386,306.15011,-49.51029
2.58,679.36386,306.15011,-49.51029
2.59,679.36386,305.65796,-51.15079
2.6,679.36386,305.16581,-47.83698
2.61,679.36386,304.67366,-46.19648
2.62,693.83307,304.18151,-51.15079
2.63,693.83307,303.68936,-52.79129
2.64,693.83307,303.19721,-47.83698
2.65,693.83307,302.70506,-46.19648
2.66,693.83307,302.24572,-47.83698
2.67,702.36367,301.75357,-46.19648
2.68,702.36367,301.29423,-44.55598
2.69,702.36367,300.83489,-51.15079
2.7,702.36367,300.34274,-47.83698
2.71,702.36367,299.8834,-52.79129
2.72,715.15957,299.42406,-39.60167
2.73,715.15957,298.96472,-41.24217
2.74,715.15957,298.53819,-46.19648
2.75,715.15957,298.07885,-44.55598
2.76,715.15957,297.65232,-37.96117
2.77,736.19078,297.19298,-51.15079
2.78,736.19078,296.76645,-42.91548
2.79,736.19078,296.30711,-42.91548
2.8,736.19078,295.88058,-42.91548
2.81,736.19078,295.42124,-47.83698
2.82,743.60584,294.99471,-44.55598
2.83,743.60584,294.53537,-42.91548
2.84,743.60584,294.10884,-44.55598
2.85,743.60584,293.6495,-44.55598
2.85,743.60584,293.6495,-44.55598
2.85,743.60584,293.6495,-44.55598
2.85,743.60584,293.6495,-44.55598
2.85,743.60584,293.6495,-44.55598
2.85,743.60584,293.6495,-44.55598
2.86,743.60584,293.19016,-44.55598
2.87,765.7854,292.73082,-46.19648
2.88,765.7854,292.30429,-49.51029
2.89,765.7854,291.84495,-41.24217
2.9,765.7854,291.38561,-44.55598
2.9,765.7854,291.38561,-44.55598
2.91,765.7854,290.92627,-44.55598
2.92,780.32023,290.49974,-49.51029
2.93,780.32023,290.07321,-41.24217
2.94,780.32023,289.61387,-39.60167
2.95,780.32023,289.18734,-42.91548
2.96,780.32023,288.76081,-44.55598
2.97,791.11472,288.30147,-41.24217
2.98,791.11472,287.84213,-51.15079
2.99,791.11472,287.38279,-49.51029
3,791.11472,286.92345,-44.55598
3.01,791.11472,286.46411,-44.55598
3.02,810.80072,286.03758,-44.55598
3.03,810.80072,285.57824,-42.91548
3.04,810.80072,285.1189,-44.55598
3.05,810.80072,284.69237,-46.19648
3.06,810.80072,284.26584,-44.55598
3.07,826.45109,283.8065,-41.24217
3.08,826.45109,283.37997,-41.24217
3.09,826.45109,282.92063,-47.83698
3.1,826.45109,282.46129,-47.83698
3.11,826.45109,282.03476,-44.55598
3.12,839.87038,281.57542,-42.91548
3.13,839.87038,281.11608,-42.91548
3.14,839.87038,280.68955,-46.19648
3.15,839.87038,280.23021,-47.83698
3.16,839.87038,279.80368,-42.91548
3.17,853.55215,279.34434,-41.24217
3.18,853.55215,278.91781,-42.91548
3.19,853.55215,278.49128,-44.55598
3.2,853.55215,278.06475,-46.19648
3.21,853.55215,277.63822,-41.24217
3.22,860.40944,277.21169,-39.60167
3.22,860.40944,277.21169,-39.60167
3.23,860.40944,276.78516,-37.96117
3.24,860.40944,276.39144,-42.91548
3.25,860.40944,275.96491,-41.24217
3.26,860.40944,275.57119,-42.91548
3.27,881.24379,275.14466,-42.91548
3.28,881.24379,274.71813,-42.91548
3.29,881.24379,274.2916,-39.60167
3.3,881.24379,273.86507,-42.91548
3.31,881.24379,273.47135,-39.60167
3.32,890.95555,273.04482,-42.91548
3.33,890.95555,272.6511,-41.24217
3.34,890.95555,272.22457,-42.91548
3.35,890.95555,271.79804,-37.96117
3.36,890.95555,271.40432,-41.24217
3.37,901.25789,270.97779,-42.91548
3.38,901.25789,270.58407,-41.24217
3.39,901.25789,270.15754,-42.91548
3.4,901.25789,269.76382,-36.28786
3.41,901.25789,269.33729,-42.91548
3.42,912.67577,268.91076,-42.91548
3.43,912.67577,268.45142,-49.51029
3.44,912.67577,268.02489,-44.55598
3.45,912.67577,267.56555,-44.55598
3.46,912.67577,267.13902,-42.91548
3.47,932.42739,266.71249,-42.91548
3.48,932.42739,266.28596,-41.24217
3.49,932.42739,265.85943,-41.24217
3.5,932.42739,265.46571,-39.60167
3.51,932.42739,265.03918,-41.24217
3.52,948.14338,264.64546,-34.64736
3.53,948.14338,264.25174,-44.55598
3.54,948.14338,263.82521,-41.24217
3.54,948.14338,263.82521,-41.24217
3.55,948.14338,263.39868,-42.91548
3.56,948.14338,263.00496,-44.55598
3.57,960.74242,262.57843,-39.60167
3.58,960.74242,262.1519,-41.24217
3.59,960.74242,261.72537,-42.91548
3.6,960.74242,261.33165,-39.60167
3.61,960.74242,260.90512,-42.91548
3.62,970.48699,260.5114,-39.60167
3.63,970.48699,260.08487,-41.24217
3.64,970.48699,259.69115,-39.60167
3.65,970.48699,259.26462,-42.91548
3.66,970.48699,258.8709,-37.96117
3.67,980.52685,258.44437,-44.55598
3.68,980.52685,258.01784,-44.55598
3.69,980.52685,257.62412,-41.24217
3.7,980.52685,257.19759,-41.24217
3.71,980.52685,256.80387,-34.64736
3.72,989.68084,256.41015,-39.60167
3.73,989.68084,255.98362,-41.24217
3.74,989.68084,255.5899,-42.91548
3.75,989.68084,255.16337,-42.91548
3.76,989.68084,254.73684,-41.24217
3.77,1000.57376,254.31031,-44.55598
3.78,1000.57376,253.85097,-46.19648
3.79,1000.57376,253.42444,-46.19648
3.8,1000.57376,252.9651,-44.55598
3.81,1000.57376,252.53857,-44.55598
3.82,1018.91455,252.11204,-39.60167
3.83,1018.91455,251.68551,-41.24217
3.84,1018.91455,251.29179,-36.28786
3.85,1018.91455,250.86526,-42.91548
3.86,1018.91455,250.43873,-44.55598
3.86,1018.91455,250.43873,-44.55598
3.86,1018.91455,250.43873,-44.55598
3.86,1018.91455,250.43873,-44.55598
3.86,1018.91455,250.43873,-44.55598
3.86,1018.91455,250.43873,-44.55598
3.86,1018.91455,250.43873,-44.55598
3.87,1031.84169,250.0122,-41.24217
3.88,1031.84169,249.58567,-49.51029
3.89,1031.84169,249.12633,-39.60167
3.9,1031.84169,248.6998,-46.19648
3.91,1031.84169,248.27327,-41.24217
3.92,1044.73602,247.84674,-39.60167
3.93,1044.73602,247.45302,-44.55598
3.94,1044.73602,247.02649,-39.60167
3.95,1044.73602,246.63277,-41.24217
3.96,1044.73602,246.20624,-39.60167
3.97,1055.92423,245.81252,-41.24217
3.98,1055.92423,245.38599,-39.60167
3.99,1055.92423,244.99227,-44.55598
4,1055.92423,244.59855,-34.64736
4.01,1055.92423,244.17202,-42.91548
4.02,1068.85137,243.7783,-42.91548
4.03,1068.85137,243.35177,-39.60167
4.04,1068.85137,242.95805,-41.24217
4.05,1068.85137,242.56433,-37.96117
4.06,1068.85137,242.1378,-42.91548
4.07,1080.07239,241.74408,-36.28786
4.08,1080.07239,241.31755,-46.19648
4.09,1080.07239,240.89102,-46.19648
4.1,1080.07239,240.46449,-41.24217
4.11,1080.07239,240.07077,-36.28786
4.12,1092.11366,239.64424,-37.96117
4.13,1092.11366,239.25052,-46.19648
4.14,1092.11366,238.8568,-42.91548
4.15,1092.11366,238.43027,-36.28786
4.16,1092.11366,238.03655,-37.96117
4.17,1103.33468,237.64283,-41.24217
4.18,1103.33468,237.24911,-36.28786
4.18,1103.33468,237.24911,-36.28786
4.19,1103.33468,236.85539,-41.24217
4.2,1103.33468,236.46167,-37.96117
4.21,1103.33468,236.03514,-47.83698
4.22,1118.85381,235.64142,-39.60167
4.23,1118.85381,235.2477,-39.60167
4.24,1118.85381,234.82117,-36.28786
4.25,1118.85381,234.42745,-42.91548
4.26,1118.85381,234.03373,-37.96117
4.27,1127.48284,233.64001,-39.60167
4.28,1127.48284,233.24629,-39.60167
4.29,1127.48284,232.85257,-41.24217
4.3,1127.48284,232.42604,-37.96117
4.31,1127.48284,232.03232,-46.19648
4.32,1133.2574,231.6386,-39.60167
4.33,1133.2574,231.21207,-39.60167
4.34,1133.2574,230.81835,-37.96117
4.35,1133.2574,230.45744,-37.96117
4.36,1133.2574,230.06372,-37.96117
4.37,1145.33148,229.67,-39.60167
4.38,1145.33148,229.27628,-36.28786
4.39,1145.33148,228.88256,-41.24217
4.4,1145.33148,228.48884,-39.60167
4.41,1145.33148,228.09512,-41.24217
4.42,1157.43837,227.7014,-39.60167
4.43,1157.43837,227.30768,-41.24217
4.44,1157.43837,226.88115,-39.60167
4.45,1157.43837,226.48743,-37.96117
4.46,1157.43837,226.09371,-44.55598
4.47,1170.95609,225.69999,-36.28786
4.48,1170.95609,225.27346,-41.24217
4.49,1170.95609,224.87974,-39.60167
4.5,1170.95609,224.48602,-41.24217
4.5,1170.95609,224.48602,-41.24217
4.51,1170.95609,224.05949,-42.91548
4.52,1179.88041,223.66577,-41.24217
4.53,1179.88041,223.23924,-39.60167
4.54,1179.88041,222.81271,-44.55598
4.55,1179.88041,222.41899,-36.28786
4.56,1179.88041,221.99246,-41.24217
4.57,1194.87458,221.56593,-46.19648
4.58,1194.87458,221.1394,-44.55598
4.59,1194.87458,220.74568,-42.91548
4.6,1194.87458,220.31915,-36.28786
4.61,1194.87458,219.92543,-37.96117
4.62,1200.64914,219.53171,-37.96117
4.63,1200.64914,219.10518,-42.91548
4.64,1200.64914,218.71146,-47.83698
4.65,1200.64914,218.28493,-39.60167
4.66,1200.64914,217.89121,-34.64736
4.67,1213.34661,217.49749,-42.91548
4.68,1213.34661,217.07096,-41.24217
4.69,1213.34661,216.67724,-37.96117
4.7,1213.34661,216.28352,-41.24217
4.71,1213.34661,215.8898,-39.60167
4.72,1223.41928,215.49608,-37.96117
4.73,1223.41928,215.10236,-36.28786
4.74,1223.41928,214.70864,-39.60167
4.75,1223.41928,214.31492,-42.91548
4.76,1223.41928,213.9212,-41.24217
4.77,1231.78583,213.56029,-36.28786
4.78,1231.78583,213.16657,-34.64736
4.79,1231.78583,212.80566,-39.60167
4.8,1231.78583,212.41194,-34.64736
4.81,1231.78583,212.05103,-39.60167
4.82,1245.07388,211.65731,-36.28786
4.82,1245.07388,211.65731,-36.28786
4.83,1245.07388,211.2964,-37.96117
4.84,1245.07388,210.90268,-39.60167
4.85,1245.07388,210.50896,-44.55598
4.85,1245.07388,210.50896,-44.55598
4.85,1245.07388,210.50896,-44.55598
4.85,1245.07388,210.50896,-44.55598
4.85,1245.07388,210.50896,-44.55598
4.85,1245.07388,210.50896,-44.55598
4.86,1245.07388,210.11524,-37.96117
4.87,1255.76994,209.72152,-37.96117
4.88,1255.76994,209.36061,-37.96117
4.89,1255.76994,208.96689,-31.36636
4.9,1255.76994,208.60598,-37.96117
4.91,1255.76994,208.21226,-39.60167
4.92,1266.72848,207.85135,-41.24217
4.93,1266.72848,207.42482,-36.28786
4.94,1266.72848,207.0311,-41.24217
4.95,1266.72848,206.63738,-44.55598
4.96,1266.72848,206.24366,-44.55598
4.97,1275.42313,205.84994,-33.00686
4.98,1275.42313,205.45622,-34.64736
4.99,1275.42313,205.0625,-39.60167
5,1275.42313,204.70159,-37.96117
5.01,1275.42313,204.30787,-41.24217
5.02,1284.64274,203.91415,-36.28786
5.03,1284.64274,203.55324,-42.91548
5.04,1284.64274,203.15952,-31.36636
5.05,1284.64274,202.79861,-36.28786
5.06,1284.64274,202.4377,-34.64736
5.07,1293.89516,202.04398,-41.24217
5.08,1293.89516,201.68307,-37.96117
5.09,1293.89516,201.28935,-39.60167
5.1,1293.89516,200.86282,-41.24217
5.11,1293.89516,200.4691,-42.91548
5.12,1303.44287,200.04257,-44.55598
5.13,1303.44287,199.64885,-36.28786
5.14,1303.44287,199.25513,-39.60167
5.14,1303.44287,199.25513,-39.60167
5.15,1303.44287,198.86141,-39.60167
5.16,1303.44287,198.46769,-41.24217
5.17,1312.69529,198.10678,-34.64736
5.18,1312.69529,197.74587,-31.36636
5.19,1312.69529,197.38496,-33.00686
5.2,1312.69529,197.02405,-41.24217
5.21,1312.69529,196.63033,-39.60167
5.22,1318.50266,196.23661,-39.60167
5.23,1318.50266,195.84289,-41.24217
5.24,1318.50266,195.44917,-41.24217
5.25,1318.50266,195.02264,-41.24217
5.26,1318.50266,194.62892,-37.96117
5.27,1326.60673,194.2352,-37.96117
5.28,1326.60673,193.84148,-41.24217
5.29,1326.60673,193.44776,-36.28786
5.3,1326.60673,193.08685,-41.24217
5.31,1326.60673,192.69313,-34.64736
5.32,1335.56386,192.33222,-39.60167
5.33,1335.56386,191.9385,-36.28786
5.34,1335.56386,191.57759,-33.00686
5.35,1335.56386,191.18387,-44.55598
5.36,1335.56386,190.82296,-34.64736
5.37,1342.51958,190.42924,-39.60167
5.38,1342.51958,190.06833,-36.28786
5.39,1342.51958,189.70742,-36.28786
5.4,1342.51958,189.34651,-37.96117
5.41,1342.51958,188.9856,-34.64736
5.42,1354.95457,188.62469,-36.28786
5.43,1354.95457,188.26378,-34.64736
5.44,1354.95457,187.90287,-36.28786
5.45,1354.95457,187.54196,-34.64736
5.46,1354.95457,187.21386,-31.36636
5.46,1354.95457,187.21386,-31.36636
5.47,1365.68344,186.85295,-34.64736
5.48,1365.68344,186.49204,-39.60167
5.49,1365.68344,186.13113,-39.60167
5.5,1365.68344,185.77022,-33.00686
5.51,1365.68344,185.40931,-37.96117
5.52,1367.42237,185.0484,-34.64736
5.53,1367.42237,184.68749,-37.96117
5.54,1367.42237,184.32658,-29.69305
5.55,1367.42237,183.96567,-36.28786
5.56,1367.42237,183.60476,-39.60167
5.57,1376.97008,183.24385,-36.28786
5.58,1376.97008,182.88294,-37.96117
5.59,1376.97008,182.52203,-33.00686
5.6,1376.97008,182.16112,-34.64736
5.61,1376.97008,181.83302,-36.28786
5.62,1386.84589,181.47211,-36.28786
5.63,1386.84589,181.1112,-31.36636
5.64,1386.84589,180.7831,-34.64736
5.65,1386.84589,180.42219,-36.28786
5.66,1386.84589,180.06128,-41.24217
5.67,1405.97412,179.66756,-34.64736
5.68,1405.97412,179.30665,-36.28786
5.69,1405.97412,178.94574,-39.60167
5.7,1405.97412,178.58483,-34.64736
5.71,1405.97412,178.25673,-29.69305
5.72,1408.59892,177.89582,-34.64736
5.73,1408.59892,177.53491,-36.28786
5.74,1408.59892,177.174,-36.28786
5.75,1408.59892,176.81309,-37.96117
5.76,1408.59892,176.45218,-39.60167
5.77,1413.81571,176.05846,-39.60167
5.78,1413.81571,175.66474,-36.28786
5.78,1413.81571,175.66474,-36.28786
5.79,1413.81571,175.30383,-39.60167
5.8,1413.81571,174.91011,-34.64736
5.81,1413.81571,174.5492,-37.96117
5.82,1411.19091,174.18829,-37.96117
5.83,1411.19091,173.79457,-39.60167
5.84,1411.19091,173.43366,-37.96117
5.85,1411.19091,173.07275,-29.69305
5.86,1411.19091,172.71184,-34.64736
5.86,1411.19091,172.71184,-34.64736
5.86,1411.19091,172.71184,-34.64736
5.86,1411.19091,172.71184,-34.64736
5.86,1411.19091,172.71184,-34.64736
5.86,1411.19091,172.71184,-34.64736
5.87,1432.38617,172.35093,-36.28786
5.88,1432.38617,171.99002,-39.60167
5.89,1432.38617,171.62911,-36.28786
5.9,1432.38617,171.2682,-34.64736
5.91,1432.38617,170.87448,-39.60167
5.92,1436.7499,170.51357,-39.60167
5.93,1436.7499,170.11985,-36.28786
5.94,1436.7499,169.75894,-41.24217
5.95,1436.7499,169.39803,-34.64736
5.96,1436.7499,169.03712,-31.36636
5.97,1451.54721,168.67621,-34.64736
5.98,1451.54721,168.34811,-34.64736
5.99,1451.54721,167.9872,-36.28786
6,1451.54721,167.62629,-36.28786
6.01,1451.54721,167.26538,-36.28786
6.02,1453.87672,166.90447,-36.28786
6.03,1453.87672,166.54356,-37.96117
6.04,1453.87672,166.18265,-34.64736
6.05,1453.87672,165.85455,-29.69305
6.06,1453.87672,165.49364,-37.96117
6.07,1460.27467,165.16554,-34.64736
6.08,1460.27467,164.80463,-34.64736
6.09,1460.27467,164.44372,-36.28786
6.1,1460.27467,164.11562,-33.00686
6.1,1460.27467,164.11562,-33.00686
6.11,1460.27467,163.75471,-33.00686
6.12,1464.6384,163.3938,-36.28786
6.13,1464.6384,163.0657,-37.96117
6.14,1464.6384,162.70479,-36.28786
6.15,1464.6384,162.34388,-34.64736
6.16,1464.6384,161.98297,-33.00686
6.17,1477.99207,161.62206,-37.96117
6.18,1477.99207,161.26115,-36.28786
6.19,1477.99207,160.90024,-36.28786
6.2,1477.99207,160.53933,-37.96117
6.21,1477.99207,160.14561,-36.28786
6.22,1487.01482,159.7847,-37.96117
6.23,1487.01482,159.42379,-36.28786
6.24,1487.01482,159.06288,-37.96117
6.25,1487.01482,158.70197,-34.64736
6.26,1487.01482,158.34106,-34.64736
6.27,1492.5269,157.98015,-34.64736
6.28,1492.5269,157.61924,-37.96117
6.29,1492.5269,157.29114,-33.00686
6.3,1492.5269,156.93023,-36.28786
6.31,1492.5269,156.56932,-31.36636
6.32,1503.28858,156.20841,-37.96117
6.33,1503.28858,155.88031,-36.28786
6.34,1503.28858,155.5194,-37.96117
6.35,1503.28858,155.15849,-36.28786
6.36,1503.28858,154.79758,-33.00686
6.37,1503.87916,154.43667,-36.28786
6.38,1503.87916,154.10857,-33.00686
6.39,1503.87916,153.78047,-28.05255
6.4,1503.87916,153.41956,-34.64736
6.41,1503.87916,153.09146,-37.96117
6.42,1508.83347,152.73055,-36.28786
6.42,1508.83347,152.73055,-36.28786
6.43,1508.83347,152.40245,-34.64736
6.44,1508.83347,152.04154,-31.36636
6.45,1508.83347,151.68063,-39.60167
6.46,1508.83347,151.31972,-34.64736
6.47,1517.85622,150.926,-42.91548
6.48,1517.85622,150.56509,-33.00686
6.49,1517.85622,150.20418,-41.24217
6.5,1517.85622,149.84327,-36.28786
6.51,1517.85622,149.48236,-28.05255
6.52,1529.50377,149.12145,-37.96117
6.53,1529.50377,148.79335,-34.64736
6.54,1529.50377,148.43244,-34.64736
6.55,1529.50377,148.10434,-34.64736
6.56,1529.50377,147.74343,-33.00686
6.57,1536.19701,147.41533,-37.96117
6.58,1536.19701,147.05442,-33.00686
6.59,1536.19701,146.72632,-31.36636
6.6,1536.19701,146.36541,-36.28786
6.61,1536.19701,146.03731,-33.00686
6.62,1539.37958,145.6764,-37.96117
6.63,1539.37958,145.31549,-34.64736
6.64,1539.37958,144.95458,-33.00686
6.65,1539.37958,144.59367,-36.28786
6.66,1539.37958,144.23276,-37.96117
6.67,1546.40092,143.87185,-41.24217
6.68,1546.40092,143.47813,-37.96117
6.69,1546.40092,143.08441,-39.60167
6.7,1546.40092,142.69069,-39.60167
6.71,1546.40092,142.29697,-39.60167
6.72,1556.86731,141.93606,-36.28786
6.73,1556.86731,141.57515,-34.64736
6.74,1556.86731,141.21424,-34.64736
6.74,1556.86731,141.21424,-34.64736
6.75,1556.86731,140.88614,-31.36636
6.76,1556.86731,140.52523,-34.64736
6.77,1562.70749,140.19713,-36.28786
6.78,1562.70749,139.83622,-34.64736
6.79,1562.70749,139.47531,-39.60167
6.8,1562.70749,139.1144,-34.64736
6.81,1562.70749,138.72068,-36.28786
6.82,1565.62758,138.35977,-39.60167
6.83,1565.62758,137.99886,-36.28786
6.84,1565.62758,137.67076,-31.36636
6.85,1565.62758,137.30985,-36.28786
6.86,1565.62758,136.98175,-33.00686
6.87,1575.24091,136.65365,-31.36636
6.87,1575.24091,136.65365,-31.36636
6.87,1575.24091,136.65365,-31.36636
6.87,1575.24091,136.65365,-31.36636
6.87,1575.24091,136.65365,-31.36636
6.87,1575.24091,136.65365,-31.36636
6.88,1575.24091,136.29274,-34.64736
6.89,1575.24091,135.96464,-34.64736
6.9,1575.24091,135.63654,-29.69305
6.91,1575.24091,135.30844,-33.00686
6.92,1579.30935,134.98034,-33.00686
6.93,1579.30935,134.65224,-36.28786
6.94,1579.30935,134.32414,-33.00686
6.95,1579.30935,133.96323,-33.00686
6.96,1579.30935,133.63513,-31.36636
6.97,1581.08109,133.30703,-36.28786
6.98,1581.08109,132.94612,-34.64736
6.99,1581.08109,132.58521,-39.60167
7,1581.08109,132.25711,-31.36636
7.01,1581.08109,131.8962,-34.64736
7.02,1593.31922,131.5681,-34.64736
7.03,1593.31922,131.24,-33.00686
7.04,1593.31922,130.87909,-31.36636
7.05,1593.31922,130.55099,-34.64736
7.06,1593.31922,130.22289,-36.28786
7.06,1593.31922,130.22289,-36.28786
7.07,1599.1594,129.86198,-34.64736
7.08,1599.1594,129.53388,-33.00686
7.09,1599.1594,129.20578,-31.36636
7.1,1599.1594,128.87768,-33.00686
7.11,1599.1594,128.54958,-34.64736
7.12,1597.38766,128.18867,-33.00686
7.13,1597.38766,127.86057,-31.36636
7.14,1597.38766,127.53247,-34.64736
7.15,1597.38766,127.20437,-34.64736
7.16,1597.38766,126.84346,-34.64736
7.17,1606.73851,126.48255,-36.28786
7.18,1606.73851,126.12164,-36.28786
7.19,1606.73851,125.76073,-34.64736
7.2,1606.73851,125.39982,-34.64736
7.21,1606.73851,125.03891,-41.24217
7.22,1617.23771,124.64519,-39.60167
7.23,1617.23771,124.28428,-39.60167
7.24,1617.23771,123.92337,-33.00686
7.25,1617.23771,123.56246,-33.00686
7.26,1617.23771,123.20155,-41.24217
7.27,1620.74838,122.84064,-33.00686
7.28,1620.74838,122.47973,-34.64736
7.29,1620.74838,122.15163,-33.00686
7.3,1620.74838,121.79072,-33.00686
7.31,1620.74838,121.46262,-33.00686
7.32,1627.17914,121.10171,-39.60167
7.33,1627.17914,120.77361,-34.64736
7.34,1627.17914,120.4127,-33.00686
7.35,1627.17914,120.0846,-33.00686
7.36,1627.17914,119.7565,-34.64736
7.37,1629.80394,119.4284,-33.00686
7.38,1629.80394,119.1003,-28.05255
7.38,1629.80394,119.1003,-28.05255
7.39,1629.80394,118.73939,-34.64736
7.4,1629.80394,118.41129,-37.96117
7.41,1629.80394,118.08319,-34.64736
7.42,1640.00785,117.72228,-34.64736
7.43,1640.00785,117.39418,-34.64736
7.44,1640.00785,117.06608,-31.36636
7.45,1640.00785,116.73798,-29.69305
7.46,1640.00785,116.40988,-31.36636
7.47,1643.51852,116.08178,-31.36636
7.48,1643.51852,115.78649,-36.28786
7.49,1643.51852,115.45839,-29.69305
7.5,1643.51852,115.13029,-34.64736
7.51,1643.51852,114.80219,-33.00686
7.52,1641.4843,114.47409,-33.00686
7.53,1641.4843,114.14599,-28.05255
7.54,1641.4843,113.81789,-33.00686
7.55,1641.4843,113.45698,-37.96117
7.56,1641.4843,113.12888,-34.64736
7.57,1652.86937,112.80078,-36.28786
7.58,1652.86937,112.43987,-31.36636
7.59,1652.86937,112.11177,-34.64736
7.6,1652.86937,111.78367,-31.36636
7.61,1652.86937,111.45557,-31.36636
7.62,1652.86937,111.12747,-36.28786
7.63,1652.86937,110.79937,-29.69305
7.64,1652.86937,110.43846,-37.96117
7.65,1652.86937,110.11036,-31.36636
7.66,1652.86937,109.78226,-33.00686
7.67,1658.41426,109.42135,-31.36636
7.68,1658.41426,109.09325,-41.24217
7.69,1658.41426,108.73234,-33.00686
7.7,1658.41426,108.40424,-34.64736
7.7,1658.41426,108.40424,-34.64736
7.71,1658.41426,108.07614,-31.36636
7.72,1668.35569,107.71523,-34.64736
7.73,1668.35569,107.38713,-33.00686
7.74,1668.35569,107.02622,-33.00686
7.75,1668.35569,106.69812,-39.60167
7.76,1668.35569,106.33721,-37.96117
7.77,1670.42272,105.9763,-31.36636
7.78,1670.42272,105.6482,-34.64736
7.79,1670.42272,105.28729,-36.28786
7.8,1670.42272,104.95919,-33.00686
7.81,1670.42272,104.63109,-29.69305
7.82,1678.59241,104.27018,-34.64736
7.83,1678.59241,103.94208,-34.64736
7.84,1678.59241,103.61398,-31.36636
7.85,1678.59241,103.25307,-37.96117
7.86,1678.59241,102.89216,-39.60167
7.86,1678.59241,102.89216,-39.60167
7.86,1678.59241,102.89216,-39.60167
7.86,1678.59241,102.89216,-39.60167
7.86,1678.59241,102.89216,-39.60167
7.86,1678.59241,102.89216,-39.60167
7.87,1685.31846,102.53125,-34.64736
7.88,1685.31846,102.20315,-33.00686
7.89,1685.31846,101.87505,-29.69305
7.9,1685.31846,101.51414,-36.28786
7.91,1685.31846,101.18604,-34.64736
7.92,1687.97607,100.85794,-31.36636
7.93,1687.97607,100.52984,-34.64736
7.94,1687.97607,100.16893,-36.28786
7.95,1687.97607,99.84083,-29.69305
7.96,1687.97607,99.51273,-33.00686
7.97,1689.715,99.18463,-31.36636
7.98,1689.715,98.85653,-34.64736
7.99,1689.715,98.52843,-36.28786
8,1689.715,98.16752,-34.64736
8.01,1689.715,97.83942,-31.36636
8.02,1692.3398,97.51132,-33.00686
8.02,1692.3398,97.51132,-33.00686
8.03,1692.3398,97.18322,-33.00686
8.04,1692.3398,96.85512,-29.69305
8.05,1692.3398,96.52702,-34.64736
8.06,1692.3398,96.19892,-34.64736
8.07,1699.06585,95.87082,-29.69305
8.08,1699.06585,95.54272,-33.00686
8.09,1699.06585,95.21462,-36.28786
8.1,1699.06585,94.91933,-28.05255
8.11,1699.06585,94.59123,-33.00686
8.12,1699.95172,94.26313,-33.00686
8.13,1699.95172,93.93503,-29.69305
8.14,1699.95172,93.60693,-34.64736
8.15,1699.95172,93.27883,-33.00686
8.16,1699.95172,92.98354,-28.05255
8.17,1706.67777,92.62263,-36.28786
8.18,1706.67777,92.29453,-34.64736
8.19,1706.67777,91.96643,-33.00686
8.2,1706.67777,91.63833,-34.64736
8.21,1706.67777,91.27742,-33.00686
8.22,1715.17556,90.94932,-34.64736
8.23,1715.17556,90.58841,-37.96117
8.24,1715.17556,90.26031,-29.69305
8.25,1715.17556,89.8994,-34.64736
8.26,1715.17556,89.5713,-36.28786
8.27,1712.55076,89.21039,-34.64736
8.28,1712.55076,88.88229,-34.64736
8.29,1712.55076,88.55419,-33.00686
8.3,1712.55076,88.19328,-33.00686
8.31,1712.55076,87.86518,-31.36636
8.32,1717.80036,87.53708,-33.00686
8.33,1717.80036,87.20898,-36.28786
8.34,1717.80036,86.88088,-31.36636
8.34,1717.80036,86.88088,-31.36636
8.35,1717.80036,86.51997,-36.28786
8.36,1717.80036,86.19187,-33.00686
8.37,1720.16268,85.86377,-34.64736
8.38,1720.16268,85.53567,-28.05255
8.39,1720.16268,85.20757,-31.36636
8.4,1720.16268,84.87947,-37.96117
8.41,1720.16268,84.58418,-29.69305
8.42,1721.60632,84.25608,-33.00686
8.43,1721.60632,83.92798,-29.69305
8.44,1721.60632,83.59988,-36.28786
8.45,1721.60632,83.23897,-33.00686
8.46,1721.60632,82.91087,-33.00686
8.47,1725.41228,82.58277,-34.64736
8.48,1725.41228,82.22186,-36.28786
8.49,1725.41228,81.89376,-33.00686
8.5,1725.41228,81.53285,-36.28786
8.51,1725.41228,81.20475,-33.00686
8.52,1733.31949,80.87665,-36.28786
8.53,1733.31949,80.54855,-28.05255
8.54,1733.31949,80.22045,-28.05255
8.55,1733.31949,79.89235,-33.00686
8.56,1733.31949,79.56425,-33.00686
8.57,1726.59344,79.23615,-37.96117
8.58,1726.59344,78.90805,-34.64736
8.59,1726.59344,78.57995,-31.36636
8.6,1726.59344,78.21904,-34.64736
8.61,1726.59344,77.89094,-33.00686
8.62,1738.6019,77.56284,-33.00686
8.63,1738.6019,77.23474,-29.69305
8.64,1738.6019,76.90664,-34.64736
8.65,1738.6019,76.54573,-36.28786
8.66,1738.6019,76.21763,-36.28786
8.66,1738.6019,76.21763,-36.28786
8.67,1742.11257,75.85672,-33.00686
8.68,1742.11257,75.52862,-33.00686
8.69,1742.11257,75.20052,-34.64736
8.7,1742.11257,74.83961,-33.00686
8.71,1742.11257,74.51151,-36.28786
8.72,1738.01132,74.18341,-29.69305
8.73,1738.01132,73.85531,-31.36636
8.74,1738.01132,73.52721,-34.64736
8.75,1738.01132,73.19911,-31.36636
8.76,1738.01132,72.87101,-34.64736
8.77,1748.28085,72.54291,-34.64736
8.78,1748.28085,72.21481,-33.00686
8.79,1748.28085,71.88671,-29.69305
8.8,1748.28085,71.55861,-34.64736
8.81,1748.28085,71.1977,-34.64736
8.82,1750.61036,70.8696,-33.00686
8.83,1750.61036,70.5415,-34.64736
8.84,1750.61036,70.18059,-34.64736
8.85,1750.61036,69.85249,-33.00686
8.86,1750.61036,69.49158,-37.96117
8.86,1750.61036,69.49158,-37.96117
8.86,1750.61036,69.49158,-37.96117
8.86,1750.61036,69.49158,-37.96117
8.86,1750.61036,69.49158,-37.96117
8.86,1750.61036,69.49158,-37.96117
8.87,1760.28931,69.13067,-33.00686
8.88,1760.28931,68.80257,-39.60167
8.89,1760.28931,68.44166,-31.36636
8.9,1760.28931,68.11356,-34.64736
8.91,1760.28931,67.75265,-34.64736
8.92,1759.99402,67.42455,-29.69305
8.93,1759.99402,67.12926,-34.64736
8.94,1759.99402,66.80116,-28.05255
8.95,1759.99402,66.47306,-34.64736
8.96,1759.99402,66.17777,-29.69305
8.97,1757.36922,65.84967,-33.00686
8.98,1757.36922,65.55438,-29.69305
8.98,1757.36922,65.55438,-29.69305
8.99,1757.36922,65.22628,-29.69305
9,1757.36922,64.93099,-29.69305
9.01,1757.36922,64.6357,-28.05255
9.02,1761.47047,64.34041,-34.64736
9.03,1761.47047,64.01231,-29.69305
9.04,1761.47047,63.71702,-33.00686
9.05,1761.47047,63.38892,-29.69305
9.06,1761.47047,63.09363,-26.41205
9.07,1761.47047,62.76553,-36.28786
9.08,1761.47047,62.43743,-34.64736
9.09,1761.47047,62.10933,-34.64736
9.1,1761.47047,61.78123,-33.00686
9.11,1761.47047,61.45313,-33.00686
9.12,1767.90123,61.12503,-29.69305
9.13,1767.90123,60.79693,-31.36636
9.14,1767.90123,60.46883,-33.00686
9.15,1767.90123,60.14073,-34.64736
9.16,1767.90123,59.81263,-31.36636
9.17,1765.86701,59.48453,-36.28786
9.18,1765.86701,59.15643,-33.00686
9.19,1765.86701,58.82833,-29.69305
9.2,1765.86701,58.50023,-34.64736
9.21,1765.86701,58.17213,-31.36636
9.22,1773.77422,57.81122,-33.00686
9.23,1773.77422,57.48312,-37.96117
9.24,1773.77422,57.15502,-29.69305
9.25,1773.77422,56.82692,-34.64736
9.26,1773.77422,56.46601,-34.64736
9.27,1774.3648,56.13791,-36.28786
9.28,1774.3648,55.80981,-33.00686
9.29,1774.3648,55.4489,-33.00686
9.3,1774.3648,55.1208,-33.00686
9.3,1774.3648,55.1208,-33.00686
9.31,1774.3648,54.7927,-29.69305
9.32,1783.45317,54.49741,-34.64736
9.33,1783.45317,54.16931,-29.69305
9.34,1783.45317,53.84121,-34.64736
9.35,1783.45317,53.51311,-33.00686
9.36,1783.45317,53.21782,-28.05255
9.37,1781.71424,52.88972,-29.69305
9.38,1781.71424,52.56162,-29.69305
9.39,1781.71424,52.23352,-39.60167
9.4,1781.71424,51.90542,-34.64736
9.41,1781.71424,51.57732,-34.64736
9.42,1779.05663,51.21641,-31.36636
9.43,1779.05663,50.88831,-34.64736
9.44,1779.05663,50.5274,-34.64736
9.45,1779.05663,50.1993,-34.64736
9.46,1779.05663,49.8712,-33.00686
9.47,1788.44029,49.5431,-31.36636
9.48,1788.44029,49.215,-34.64736
9.49,1788.44029,48.8869,-34.64736
9.5,1788.44029,48.5588,-26.41205
9.51,1788.44029,48.19789,-34.64736
9.52,1786.99665,47.86979,-37.96117
9.53,1786.99665,47.54169,-34.64736
9.54,1786.99665,47.18078,-33.00686
9.55,1786.99665,46.85268,-34.64736
9.56,1786.99665,46.49177,-33.00686
9.57,1788.44029,46.16367,-36.28786
9.58,1788.44029,45.80276,-34.64736
9.59,1788.44029,45.47466,-36.28786
9.6,1788.44029,45.14656,-31.36636
9.61,1788.44029,44.81846,-31.36636
9.62,1791.39319,44.49036,-31.36636
9.62,1791.39319,44.49036,-31.36636
9.63,1791.39319,44.16226,-33.00686
9.64,1791.39319,43.86697,-31.36636
9.65,1791.39319,43.53887,-31.36636
9.66,1791.39319,43.24358,-24.73874
9.67,1796.97089,42.91548,-29.69305
9.68,1796.97089,42.58738,-41.24217
9.69,1796.97089,42.25928,-33.00686
9.7,1796.97089,41.93118,-33.00686
9.71,1796.97089,41.63589,-28.05255
9.72,1791.98377,41.30779,-33.00686
9.73,1791.98377,40.97969,-29.69305
9.74,1791.98377,40.65159,-31.36636
9.75,1791.98377,40.32349,-36.28786
9.76,1791.98377,39.99539,-36.28786
9.77,1794.01799,39.63448,-36.28786
9.78,1794.01799,39.30638,-29.69305
9.79,1794.01799,38.97828,-36.28786
9.8,1794.01799,38.65018,-29.69305
9.81,1794.01799,38.28927,-33.00686
9.82,1796.08502,37.96117,-39.60167
9.83,1796.08502,37.63307,-31.36636
9.84,1796.08502,37.30497,-29.69305
9.85,1796.08502,36.94406,-37.96117
9.86,1796.08502,36.61596,-31.36636
9.87,1795.49444,36.28786,-33.00686
9.87,1795.49444,36.28786,-33.00686
9.87,1795.49444,36.28786,-33.00686
9.87,1795.49444,36.28786,-33.00686
9.87,1795.49444,36.28786,-33.00686
9.87,1795.49444,36.28786,-33.00686
9.88,1795.49444,35.95976,-34.64736
9.89,1795.49444,35.63166,-31.36636
9.9,1795.49444,35.33637,-29.69305
9.91,1795.49444,35.00827,-31.36636
9.92,1799.00511,34.71298,-31.36636
9.93,1799.00511,34.38488,-28.05255
9.94,1799.00511,34.08959,-33.00686
9.94,1799.00511,34.08959,-33.00686
9.95,1799.00511,33.76149,-33.00686
9.96,1799.00511,33.4662,-31.36636
9.97,1802.2533,33.1381,-31.36636
9.98,1802.2533,32.81,-31.36636
9.99,1802.2533,32.4819,-33.00686
10,1802.2533,32.18661,-33.00686
10.01,1802.2533,31.85851,-31.36636
10.02,1799.00511,31.53041,-29.69305
10.03,1799.00511,31.20231,-36.28786
10.04,1799.00511,30.87421,-33.00686
10.05,1799.00511,30.54611,-33.00686
10.06,1799.00511,30.21801,-29.69305
10.07,1807.24042,29.88991,-39.60167
10.08,1807.24042,29.56181,-29.69305
10.09,1807.24042,29.23371,-29.69305
10.1,1807.24042,28.90561,-29.69305
10.11,1807.24042,28.61032,-34.64736
10.12,1804.58281,28.28222,-33.00686
10.13,1804.58281,27.95412,-31.36636
10.14,1804.58281,27.62602,-34.64736
10.15,1804.58281,27.26511,-33.00686
10.16,1804.58281,26.93701,-33.00686
10.17,1801.95801,26.60891,-34.64736
10.18,1801.95801,26.28081,-37.96117
10.19,1801.95801,25.95271,-29.69305
10.2,1801.95801,25.62461,-29.69305
10.21,1801.95801,25.29651,-31.36636
10.22,1800.48156,25.00122,-33.00686
10.23,1800.48156,24.67312,-31.36636
10.24,1800.48156,24.37783,-26.41205
10.25,1800.48156,24.04973,-34.64736
10.26,1800.48156,23.72163,-37.96117
10.26,1800.48156,23.72163,-37.96117
10.27,1807.24042,23.39353,-29.69305
10.28,1807.24042,23.06543,-33.00686
10.29,1807.24042,22.70452,-34.64736
10.3,1807.24042,22.37642,-33.00686
10.31,1807.24042,22.04832,-34.64736
10.32,1805.76397,21.68741,-34.64736
10.33,1805.76397,21.35931,-31.36636
10.34,1805.76397,21.03121,-39.60167
10.35,1805.76397,20.73592,-26.41205
10.36,1805.76397,20.40782,-24.73874
10.37,1807.24042,20.11253,-33.00686
10.38,1807.24042,19.81724,-31.36636
10.39,1807.24042,19.48914,-31.36636
10.4,1807.24042,19.19385,-33.00686
10.41,1807.24042,18.86575,-29.69305
10.42,1805.17339,18.53765,-37.96117
10.43,1805.17339,18.20955,-28.05255
10.44,1805.17339,17.88145,-33.00686
10.45,1805.17339,17.55335,-33.00686
10.46,1805.17339,17.22525,-33.00686
10.47,1806.64984,16.89715,-36.28786
10.48,1806.64984,16.56905,-33.00686
10.49,1806.64984,16.20814,-31.36636
10.5,1806.64984,15.91285,-34.64736
10.51,1806.64984,15.55194,-31.36636
10.52,1803.99223,15.12541,-33.00686
10.53,1803.99223,14.46921,-24.73874
10.54,1803.99223,13.35367,-26.41205
10.55,1803.99223,11.8116,-198.00835
10.56,1803.99223,10.23672,-509.8674
10.56,1803.99223,10.23672,-509.8674
10.57,1803.99223,21.22807,-118.80501
10.58,1803.99223,21.22807,-118.80501
10.67,1842.77365,17.91426,-33.00686
10.77,1851.30425,14.40359,19.78443
10.85,1851.30425,14.40359,19.78443
10.85,1851.30425,14.40359,19.78443
10.85,1851.30425,14.40359,19.78443
10.85,1851.30425,14.40359,19.78443
10.85,1851.30425,14.40359,19.78443
10.87,1842.77365,10.79449,-8.23531
10.9,1842.77365,10.79449,-8.23531
10.97,1840.70662,7.02134,-33.00686
11.07,1844.84068,3.14976,-29.69305
11.17,1840.11604,-0.75463,-34.64736
11.22,1840.11604,-0.75463,-34.64736
11.27,1838.6724,-4.5934,-39.60167
11.37,1835.12892,-8.30093,-33.00686
11.47,1835.42421,-11.87722,-56.1051
11.54,1835.42421,-11.87722,-56.1051
11.57,1836.60537,-15.32227,-16.50343
11.67,1824.85939,-18.40641,-39.60167
11.77,1829.55122,-21.19526,-47.83698
11.86,1829.55122,-21.19526,-47.83698
11.86,1829.55122,-21.19526,-47.83698
11.86,1829.55122,-21.19526,-47.83698
11.86,1829.55122,-21.19526,-47.83698
11.86,1829.55122,-21.19526,-47.83698
11.86,1829.55122,-21.19526,-47.83698
11.87,1831.32296,-23.65601,-107.25589
11.97,1822.49707,-25.75585,-62.69991
12.07,1806.94513,-27.59321,34.64736
12.17,1803.10636,-29.13528,-3.31381
12.18,1803.10636,-29.13528,-3.31381
12.27,1790.50732,-30.31644,-23.09824
12.37,1791.39319,-31.23512,-37.96117
12.47,1786.99665,-31.8257,-39.60167
12.5,1786.99665,-31.8257,-39.60167
12.57,1797.82395,-32.21942,-9.90862
12.67,1805.17339,-32.25223,-4.95431
12.77,1796.38031,-32.18661,-11.54912
12.82,1796.38031,-32.18661,-11.54912
12.84,1796.38031,-32.18661,-11.54912
12.84,1796.38031,-32.18661,-11.54912
12.84,1796.38031,-32.18661,-11.54912
12.84,1796.38031,-32.18661,-11.54912
12.84,1796.38031,-32.18661,-11.54912
12.87,1799.00511,-32.02256,-18.14393
12.97,1782.86259,-31.76008,-11.54912
13.07,1782.00953,-31.43198,-1.6405
13.14,1782.00953,-31.43198,-1.6405
13.17,1772.03529,-31.03826,-3.31381
13.27,1771.44471,-30.54611,-13.18962
13.37,1769.08239,-29.95553,-28.05255
13.46,1769.08239,-29.95553,-28.05255
13.47,1762.06105,-29.29933,-8.23531
13.57,1754.12103,-28.70875,-4.95431
13.67,1768.49181,-28.08536,6.59481
13.77,1763.2094,-27.46197,0
13.78,1763.2094,-27.46197,0
13.86,1763.2094,-27.46197,0
13.86,1763.2094,-27.46197,0
13.86,1763.2094,-27.46197,0
13.86,1763.2094,-27.46197,0
13.86,1763.2094,-27.46197,0
13.87,1758.81286,-26.87139,1.6405
13.97,1754.71161,-26.41205,-9.90862
14.07,1741.52199,-26.05114,0
14.1,1741.52199,-26.05114,0
14.17,1738.30661,-25.82147,6.59481
14.27,1740.96422,-25.62461,-6.59481
14.37,1738.01132,-25.42775,-11.54912
14.42,1738.01132,-25.42775,-11.54912
14.47,1742.70315,-25.29651,0
14.57,1735.68181,-25.16527,9.90862
14.67,1733.91007,-25.06684,9.90862
14.74,1733.91007,-25.06684,9.90862
14.77,1726.29815,-25.09965,-6.59481
14.87,1736.56768,-25.23089,-3.31381
14.87,1736.56768,-25.23089,-3.31381
14.87,1736.56768,-25.23089,-3.31381
14.87,1736.56768,-25.23089,-3.31381
14.87,1736.56768,-25.23089,-3.31381
14.87,1736.56768,-25.23089,-3.31381
14.97,1735.9771,-25.52618,-9.90862
15.06,1735.9771,-25.52618,-9.90862
15.07,1729.21824,-25.75585,-3.31381
15.17,1731.87585,-26.08395,4.95431
15.27,1732.46643,-26.37924,-11.54912
15.37,1731.28527,-26.64172,-9.90862
15.38,1731.28527,-26.64172,-9.90862
15.47,1723.37806,-26.9042,-13.18962
15.57,1707.85893,-27.13387,-6.59481
15.67,1709.33538,-27.2323,-8.23531
15.7,1709.33538,-27.2323,-8.23531
15.77,1703.75768,-27.36354,-9.90862
15.86,1703.75768,-27.36354,-9.90862
15.86,1703.75768,-27.36354,-9.90862
15.86,1703.75768,-27.36354,-9.90862
15.86,1703.75768,-27.36354,-9.90862
15.86,1703.75768,-27.36354,-9.90862
15.87,1694.99741,-27.49478,-8.23531
15.97,1687.68078,-27.65883,-1.6405
16.02,1687.68078,-27.65883,-1.6405
16.07,1686.79491,-27.8885,-9.90862
16.17,1683.57953,-28.08536,0
16.27,1692.04451,-28.18379,4.95431
16.34,1692.04451,-28.18379,4.95431
16.37,1696.44105,-28.31503,4.95431
16.47,1696.14576,-28.38065,9.90862
16.57,1691.74922,-28.51189,3.31381
16.66,1691.74922,-28.51189,3.31381
16.67,1692.93038,-28.67594,3.31381
16.77,1685.31846,-28.90561,9.90862
16.86,1685.31846,-28.90561,9.90862
16.86,1685.31846,-28.90561,9.90862
16.86,1685.31846,-28.90561,9.90862
16.86,1685.31846,-28.90561,9.90862
16.86,1685.31846,-28.90561,9.90862
16.87,1677.44406,-29.06966,4.95431
16.97,1667.20734,-29.29933,1.6405
16.98,1667.20734,-29.29933,1.6405
17.07,1679.77357,-29.56181,3.31381
17.17,1667.79792,-29.79148,0
17.27,1663.10609,-29.92272,0
17.3,1663.10609,-29.92272,0
17.37,1661.62964,-30.02115,-3.31381
17.47,1661.07187,-30.02115,-1.6405
17.57,1657.5612,-30.02115,3.31381
17.62,1657.5612,-30.02115,3.31381
17.67,1650.53986,-29.88991,1.6405
17.77,1644.99497,-29.66024,8.23531
17.87,1641.4843,-29.33214,0
17.87,1641.4843,-29.33214,0
17.87,1641.4843,-29.33214,0
17.87,1641.4843,-29.33214,0
17.87,1641.4843,-29.33214,0
17.87,1641.4843,-29.33214,0
17.94,1641.4843,-29.33214,0
17.97,1638.26892,-28.93842,-3.31381
18.07,1630.09923,-28.44627,-4.95431
18.17,1634.16767,-27.8885,1.6405
18.26,1634.16767,-27.8885,1.6405
18.27,1640.00785,-27.2323,1.6405
18.37,1633.6099,-26.54329,-8.23531
18.47,1634.75825,-25.88709,-6.59481
18.57,1627.76972,-25.32932,0
18.58,1627.76972,-25.32932,0
18.67,1623.96376,-24.86998,-4.95431
18.77,1618.71416,-24.54188,3.31381
18.87,1614.02233,-24.34502,-6.59481
18.88,1614.02233,-24.34502,-6.59481
18.88,1614.02233,-24.34502,-6.59481
18.88,1614.02233,-24.34502,-6.59481
18.88,1614.02233,-24.34502,-6.59481
18.88,1614.02233,-24.34502,-6.59481
18.9,1614.02233,-24.34502,-6.59481
18.97,1605.85264,-24.31221,1.6405
19.07,1610.54447,-24.34502,0
19.17,1604.99958,-24.57469,3.31381
19.22,1604.99958,-24.57469,3.31381
19.27,1613.46456,-24.86998,4.95431
19.37,1613.72704,-25.2637,9.90862
19.47,1613.72704,-25.75585,8.23531
19.54,1613.72704,-25.75585,8.23531
19.57,1610.83976,-26.31362,4.95431
19.67,1601.48891,-26.93701,3.31381
19.77,1599.74998,-27.59321,9.90862
19.86,1599.74998,-27.59321,9.90862
19.86,1599.74998,-27.59321,9.90862
19.86,1599.74998,-27.59321,9.90862
19.86,1599.74998,-27.59321,9.90862
19.86,1599.74998,-27.59321,9.90862
19.86,1599.74998,-27.59321,9.90862
19.87,1598.27353,-28.18379,6.59481
19.97,1594.76286,-28.67594,1.6405
20.07,1590.39913,-29.13528,6.59481
20.17,1586.88846,-29.43057,-4.95431
20.18,1586.88846,-29.43057,-4.95431
20.27,1584.55895,-29.56181,1.6405
20.37,1581.63886,-29.62743,4.95431
20.47,1582.22944,-29.529,0
20.5,1582.22944,-29.529,0
20.57,1574.35504,-29.36495,0
20.67,1566.18535,-29.10247,-4.95431
20.77,1565.037,-28.80718,1.6405
20.82,1565.037,-28.80718,1.6405
20.87,1559.49211,-28.47908,4.95431
20.88,1559.49211,-28.47908,4.95431
20.88,1559.49211,-28.47908,4.95431
20.88,1559.49211,-28.47908,4.95431
20.88,1559.49211,-28.47908,4.95431
20.88,1559.49211,-28.47908,4.95431
20.97,1559.19682,-28.11817,1.6405
21.07,1548.99291,-27.65883,4.95431
21.14,1548.99291,-27.65883,4.95431
21.17,1549.58349,-27.2323,18.14393
21.27,1553.09416,-26.77296,4.95431
21.37,1546.6634,-26.31362,1.6405
21.46,1546.6634,-26.31362,1.6405
21.47,1545.51505,-25.95271,0
21.57,1542.29967,-25.72304,4.95431
21.67,1540.85603,-25.65742,-1.6405
21.77,1538.82181,-25.69023,0
21.78,1538.82181,-25.69023,0
21.87,1546.10563,-25.85428,-1.6405
21.87,1546.10563,-25.85428,-1.6405
21.87,1546.10563,-25.85428,-1.6405
21.87,1546.10563,-25.85428,-1.6405
21.87,1546.10563,-25.85428,-1.6405
21.87,1546.10563,-25.85428,-1.6405
21.97,1541.70909,-26.11676,0
22.07,1539.97016,-26.51048,4.95431
22.1,1539.97016,-26.51048,4.95431
22.17,1539.37958,-27.00263,1.6405
22.27,1534.45808,-27.5604,1.6405
22.37,1528.02732,-28.15098,4.95431
22.42,1528.02732,-28.15098,4.95431
22.47,1527.73203,-28.70875,8.23531
22.57,1520.18573,-29.33214,8.23531
22.67,1516.67506,-29.88991,3.31381
22.74,1516.67506,-29.88991,3.31381
22.77,1503.58387,-30.31644,1.6405
22.87,1502.14023,-30.67735,0
22.89,1502.14023,-30.67735,0
22.89,1502.14023,-30.67735,0
22.89,1502.14023,-30.67735,0
22.89,1502.14023,-30.67735,0
22.89,1502.14023,-30.67735,0
22.97,1505.3228,-30.93983,8.23531
23.06,1505.3228,-30.93983,8.23531
23.07,1504.76503,-31.10388,4.95431
23.17,1499.81072,-31.10388,-1.6405
23.27,1500.4013,-31.00545,4.95431
23.37,1506.79925,-30.8414,-6.59481
23.38,1506.79925,-30.8414,-6.59481
23.47,1497.18592,-30.54611,-11.54912
23.57,1494.00335,-30.21801,-8.23531
23.67,1480.61687,-29.82429,-4.95431
23.7,1480.61687,-29.82429,-4.95431
23.77,1482.3558,-29.33214,1.6405
23.86,1482.3558,-29.33214,1.6405
23.86,1482.3558,-29.33214,1.6405
23.86,1482.3558,-29.33214,1.6405
23.86,1482.3558,-29.33214,1.6405
23.86,1482.3558,-29.33214,1.6405
23.87,1468.70684,-28.74156,14.86293
23.97,1474.21892,-28.18379,16.50343
24.02,1474.21892,-28.18379,16.50343
24.07,1467.82097,-27.65883,9.90862
24.17,1464.6384,-27.26511,18.14393
24.27,1457.64987,-26.93701,0
24.34,1457.64987,-26.93701,0
24.37,1464.93369,-26.74015,11.54912
24.47,1459.97938,-26.54329,4.95431
24.57,1455.32036,-26.51048,3.31381
24.66,1455.32036,-26.51048,3.31381
24.67,1465.78675,-26.5761,8.23531
24.77,1464.6384,-26.74015,-3.31381
24.87,1458.24045,-26.96982,-8.23531
24.87,1458.24045,-26.96982,-8.23531
24.87,1458.24045,-26.96982,-8.23531
24.87,1458.24045,-26.96982,-8.23531
24.87,1458.24045,-26.96982,-8.23531
24.87,1458.24045,-26.96982,-8.23531
24.97,1451.54721,-27.19949,-4.95431
24.98,1451.54721,-27.19949,-4.95431
25.07,1452.13779,-27.46197,-8.23531
25.17,1448.06935,-27.79007,6.59481
25.27,1439.93247,-28.08536,-3.31381
25.3,1439.93247,-28.08536,-3.31381
25.37,1434.71568,-28.24941,-3.31381
25.47,1439.07941,-28.41346,13.18962
25.57,1431.79559,-28.47908,23.09824
25.62,1431.79559,-28.47908,23.09824
25.67,1428.90831,-28.5447,19.78443
25.77,1432.09088,-28.44627,13.18962
25.86,1432.09088,-28.44627,13.18962
25.86,1432.09088,-28.44627,13.18962
25.86,1432.09088,-28.44627,13.18962
25.86,1432.09088,-28.44627,13.18962
25.86,1432.09088,-28.44627,13.18962
25.87,1435.56874,-28.34784,18.14393
25.94,1435.56874,-28.34784,18.14393
25.97,1427.75996,-28.11817,9.90862
26.07,1418.17944,-27.85569,4.95431
26.17,1405.12106,-27.62602,1.6405
26.26,1405.12106,-27.62602,1.6405
26.27,1403.08684,-27.39635,6.59481
26.37,1403.67742,-27.06825,1.6405
26.47,1406.5647,-26.80577,-4.95431
26.57,1400.46204,-26.60891,4.95431
26.58,1400.46204,-26.60891,4.95431
26.67,1396.98418,-26.37924,3.31381
26.77,1397.87005,-26.248,-4.95431
26.86,1397.87005,-26.248,-4.95431
26.86,1397.87005,-26.248,-4.95431
26.86,1397.87005,-26.248,-4.95431
26.86,1397.87005,-26.248,-4.95431
26.86,1397.87005,-26.248,-4.95431
26.87,1392.91574,-26.248,-3.31381
26.9,1392.91574,-26.248,-3.31381
26.97,1393.50632,-26.41205,-6.59481
27.07,1390.61904,-26.64172,-8.23531
27.17,1388.28953,-27.03544,-11.54912
27.22,1388.28953,-27.03544,-11.54912
27.27,1392.35797,-27.52759,3.31381
27.37,1399.31369,-28.11817,0
27.47,1393.80161,-28.70875,11.54912
27.54,1393.80161,-28.70875,11.54912
27.57,1389.73317,-29.33214,0
27.67,1382.77745,-29.92272,1.6405
27.77,1381.33381,-30.44768,1.6405
27.86,1381.33381,-30.44768,1.6405
27.87,1370.04717,-30.93983,6.59481
27.88,1370.04717,-30.93983,6.59481
27.88,1370.04717,-30.93983,6.59481
27.88,1370.04717,-30.93983,6.59481
27.88,1370.04717,-30.93983,6.59481
27.88,1370.04717,-30.93983,6.59481
27.97,1362.50087,-31.33355,11.54912
28.07,1357.57937,-31.66165,13.18962
28.17,1347.73637,-31.89132,4.95431
28.18,1347.73637,-31.89132,4.95431
28.27,1344.81628,-31.95694,4.95431
28.37,1350.91894,-31.8257,4.95431
28.47,1346.29273,-31.53041,1.6405
28.5,1346.29273,-31.53041,1.6405
28.57,1350.03307,-31.10388,-1.6405
28.67,1353.21564,-30.57892,0
28.77,1345.99744,-29.95553,-4.95431
28.82,1345.99744,-29.95553,-4.95431
28.86,1345.99744,-29.95553,-4.95431
28.86,1345.99744,-29.95553,-4.95431
28.86,1345.99744,-29.95553,-4.95431
28.86,1345.99744,-29.95553,-4.95431
28.86,1345.99744,-29.95553,-4.95431
28.87,1342.51958,-29.23371,0
28.97,1332.97187,-28.44627,1.6405
29.07,1328.60814,-27.72445,16.50343
29.14,1328.60814,-27.72445,16.50343
29.17,1323.42416,-26.96982,8.23531
29.27,1316.46844,-26.248,6.59481
29.37,1317.3215,-25.5918,8.23531
29.46,1317.3215,-25.5918,8.23531
29.47,1314.72951,-25.06684,0
29.57,1316.17315,-24.67312,-6.59481
29.67,1317.3215,-24.37783,-3.31381
29.77,1311.54694,-24.21378,-3.31381
29.78,1311.54694,-24.21378,-3.31381
29.87,1310.1033,-24.2794,-11.54912
29.89,1310.1033,-24.2794,-11.54912
29.89,1310.1033,-24.2794,-11.54912
29.89,1310.1033,-24.2794,-11.54912
29.89,1310.1033,-24.2794,-11.54912
29.89,1310.1033,-24.2794,-11.54912
29.97,1310.95636,-24.37783,-21.45774
30.07,1308.65966,-24.64031,-11.54912
30.1,1308.65966,-24.64031,-11.54912
30.17,1308.36437,-25.03403,-9.90862
30.27,1306.33015,-25.62461,-9.90862
30.37,1304.59122,-26.28081,-13.18962
30.42,1304.59122,-26.28081,-13.18962
30.47,1302.8851,-27.06825,-1.6405
30.57,1298.25889,-27.82288,9.90862
30.67,1293.89516,-28.64313,14.86293
30.74,1293.89516,-28.64313,14.86293
30.77,1285.8239,-29.46338,16.50343
30.86,1285.8239,-29.46338,16.50343
30.86,1285.8239,-29.46338,16.50343
30.86,1285.8239,-29.46338,16.50343
30.86,1285.8239,-29.46338,16.50343
30.86,1285.8239,-29.46338,16.50343
30.87,1295.3388,-30.34925,11.54912
30.97,1286.38167,-31.23512,9.90862
31.06,1286.38167,-31.23512,9.90862
31.07,1277.42454,-32.12099,9.90862
31.17,1277.12925,-32.94124,6.59481
31.27,1272.24056,-33.72868,6.59481
31.37,1267.90964,-34.38488,4.95431
31.38,1267.90964,-34.38488,4.95431
31.47,1267.61435,-34.87703,-1.6405
31.57,1263.8412,-35.17232,4.95431
31.67,1268.7627,-35.30356,4.95431
31.7,1268.7627,-35.30356,4.95431
31.77,1259.51028,-35.30356,-3.31381
31.85,1259.51028,-35.30356,-3.31381
31.85,1259.51028,-35.30356,-3.31381
31.85,1259.51028,-35.30356,-3.31381
31.85,1259.51028,-35.30356,-3.31381
31.85,1259.51028,-35.30356,-3.31381
31.87,1246.22223,-35.1067,-4.95431
31.97,1256.623,-34.84422,-3.31381
32.02,1256.623,-34.84422,-3.31381
32.07,1247.96116,-34.4505,-14.86293
32.17,1240.18519,-33.85992,-13.18962
32.27,1222.86151,-33.17091,-6.59481
32.34,1222.86151,-33.17091,-6.59481
32.37,1220.82729,-32.28504,-6.59481
32.47,1219.97423,-31.33355,4.95431
32.57,1230.93277,-30.34925,3.31381
32.66,1230.93277,-30.34925,3.31381
32.67,1226.89714,-29.36495,3.31381
32.77,1227.19243,-28.47908,8.23531
32.87,1223.1568,-27.5604,6.59481
32.87,1223.1568,-27.5604,6.59481
32.87,1223.1568,-27.5604,6.59481
32.87,1223.1568,-27.5604,6.59481
32.87,1223.1568,-27.5604,6.59481
32.87,1223.1568,-27.5604,6.59481
32.97,1213.90438,-26.80577,8.23531
32.98,1213.90438,-26.80577,8.23531
33.07,1208.42511,-26.14957,11.54912
33.17,1204.09419,-25.49337,14.86293
33.27,1195.46516,-24.96841,9.90862
33.3,1195.46516,-24.96841,9.90862
33.37,1198.05715,-24.6075,6.59481
33.47,1198.61492,-24.34502,6.59481
33.57,1210.75462,-24.21378,6.59481
33.62,1210.75462,-24.21378,6.59481
33.67,1204.09419,-24.18097,-1.6405
33.77,1200.64914,-24.31221,3.31381
33.87,1199.79608,-24.64031,4.95431
33.89,1199.79608,-24.64031,4.95431
33.89,1199.79608,-24.64031,4.95431
33.89,1199.79608,-24.64031,4.95431
33.89,1199.79608,-24.64031,4.95431
33.89,1199.79608,-24.64031,4.95431
33.94,1199.79608,-24.64031,4.95431
33.97,1188.24696,-24.9356,13.18962
34.07,1186.80332,-25.39494,14.86293
34.17,1191.9873,-25.95271,13.18962
34.26,1191.9873,-25.95271,13.18962
34.27,1191.42953,-26.5761,-3.31381
34.37,1197.46657,-27.13387,0
34.47,1188.83754,-27.72445,-1.6405
34.57,1181.61934,-28.11817,-8.23531
34.58,1181.61934,-28.11817,-8.23531
34.67,1173.84337,-28.47908,-13.18962
34.77,1161.17871,-28.74156,-16.50343
34.87,1153.40274,-28.97123,-18.14393
34.88,1153.40274,-28.97123,-18.14393
34.88,1153.40274,-28.97123,-18.14393
34.88,1153.40274,-28.97123,-18.14393
34.88,1153.40274,-28.97123,-18.14393
34.88,1153.40274,-28.97123,-18.14393
34.9,1153.40274,-28.97123,-18.14393
34.97,1152.81216,-29.23371,-13.18962
35.07,1155.10886,-29.39776,-16.50343
35.17,1169.80774,-29.56181,-8.23531
35.22,1169.80774,-29.56181,-8.23531
35.27,1160.58813,-29.62743,-3.31381
35.37,1151.66381,-29.62743,3.31381
35.47,1152.51687,-29.56181,6.59481
35.54,1152.51687,-29.56181,6.59481
35.57,1151.9591,-29.33214,9.90862
35.67,1145.62677,-29.16809,14.86293
35.77,1143.03478,-28.93842,18.14393
35.86,1143.03478,-28.93842,18.14393
35.86,1143.03478,-28.93842,18.14393
35.86,1143.03478,-28.93842,18.14393
35.86,1143.03478,-28.93842,18.14393
35.86,1143.03478,-28.93842,18.14393
35.86,1143.03478,-28.93842,18.14393
35.87,1134.70104,-28.70875,13.18962
35.97,1132.96211,-28.5447,4.95431
36.07,1129.77954,-28.24941,8.23531
36.17,1122.59415,-27.8885,6.59481
36.18,1122.59415,-27.8885,6.59481
36.27,1124.62837,-27.46197,6.59481
36.37,1124.03779,-27.06825,-1.6405
36.47,1114.26041,-26.74015,-13.18962
36.5,1114.26041,-26.74015,-13.18962
36.57,1124.62837,-26.34643,-14.86293
36.67,1121.15051,-25.82147,-13.18962
36.77,1124.89085,-25.36213,-13.18962
36.82,1124.89085,-25.36213,-13.18962
36.87,1110.52007,-24.96841,-8.23531
36.87,1110.52007,-24.96841,-8.23531
36.87,1110.52007,-24.96841,-8.23531
36.87,1110.52007,-24.96841,-8.23531
36.87,1110.52007,-24.96841,-8.23531
36.87,1110.52007,-24.96841,-8.23531
36.97,1099.88963,-24.54188,-3.31381
37.07,1104.18774,-24.11535,-6.59481
37.14,1104.18774,-24.11535,-6.59481
37.17,1095.29623,-23.65601,0
37.27,1096.44458,-23.2951,1.6405
37.37,1091.2606,-23.03262,-1.6405
37.46,1091.2606,-23.03262,-1.6405
37.47,1090.96531,-22.86857,4.95431
37.57,1095.55871,-22.77014,0
37.67,1092.70424,-22.86857,-9.90862
37.77,1092.40895,-23.06543,9.90862
37.78,1092.40895,-23.06543,9.90862
37.86,1092.40895,-23.06543,9.90862
37.86,1092.40895,-23.06543,9.90862
37.86,1092.40895,-23.06543,9.90862
37.86,1092.40895,-23.06543,9.90862
37.86,1092.40895,-23.06543,9.90862
37.87,1086.6672,-23.45915,18.14393
37.97,1083.22215,-23.91849,11.54912
38.07,1089.81696,-24.50907,6.59481
38.1,1089.81696,-24.50907,6.59481
38.17,1087.52026,-25.13246,-6.59481
38.27,1088.11084,-25.78866,-3.31381
38.37,1071.73865,-26.41205,0
38.42,1071.73865,-26.41205,0
38.47,1067.40773,-27.16668,16.50343
38.57,1072.00113,-27.85569,11.54912
38.67,1090.96531,-28.57751,13.18962
38.74,1090.96531,-28.57751,13.18962
38.77,1074.88841,-29.23371,3.31381
38.87,1055.07117,-29.92272,-3.31381
38.87,1055.07117,-29.92272,-3.31381
38.87,1055.07117,-29.92272,-3.31381
38.87,1055.07117,-29.92272,-3.31381
38.87,1055.07117,-29.92272,-3.31381
38.87,1055.07117,-29.92272,-3.31381
38.97,1054.77588,-30.5133,3.31381
39.06,1054.77588,-30.5133,3.31381
39.07,1050.18248,-30.90702,1.6405
39.17,1047.03272,-31.10388,-6.59481
39.27,1051.33083,-31.13669,-6.59481
39.37,1049.92,-30.97264,-9.90862
39.38,1049.92,-30.97264,-9.90862
39.47,1043.58767,-30.64454,-3.31381
39.57,1045.03131,-30.15239,0
39.67,1030.10276,-29.56181,0
39.7,1030.10276,-29.56181,0
39.77,1028.65912,-28.97123,9.90862
39.87,1024.36101,-28.38065,-1.6405
39.88,1024.36101,-28.38065,-1.6405
39.88,1024.36101,-28.38065,-1.6405
39.88,1024.36101,-28.38065,-1.6405
39.88,1024.36101,-28.38065,-1.6405
39.88,1024.36101,-28.38065,-1.6405
39.97,1022.91737,-27.79007,14.86293
40.02,1022.91737,-27.79007,14.86293
40.07,1015.4695,-27.16668,19.78443
40.17,1025.21407,-26.64172,14.86293
40.27,1022.3596,-26.248,0
40.34,1022.3596,-26.248,0
40.37,1026.09994,-26.08395,-8.23531
40.47,1010.8761,-26.05114,0
40.57,1006.57799,-26.11676,11.54912
40.66,1006.57799,-26.11676,11.54912
40.67,996.27565,-26.248,31.36636
40.77,998.83483,-26.67453,13.18962
40.86,998.83483,-26.67453,13.18962
40.86,998.83483,-26.67453,13.18962
40.86,998.83483,-26.67453,13.18962
40.86,998.83483,-26.67453,13.18962
40.86,998.83483,-26.67453,13.18962
40.87,1000.27847,-27.26511,6.59481
40.97,1001.13153,-27.95412,0
40.98,1001.13153,-27.95412,0
41.07,1003.72352,-28.67594,-9.90862
41.17,1009.46527,-29.39776,-8.23531
41.27,1007.72634,-30.02115,-11.54912
41.3,1007.72634,-30.02115,-11.54912
41.37,1011.17139,-30.57892,-11.54912
41.47,997.12871,-31.00545,-8.23531
41.57,991.97754,-31.23512,-11.54912
41.62,991.97754,-31.23512,-11.54912
41.67,986.53108,-31.36636,-6.59481
41.77,971.04476,-31.20231,-3.31381
41.87,969.04335,-30.87421,-1.6405
41.87,969.04335,-30.87421,-1.6405
41.87,969.04335,-30.87421,-1.6405
41.87,969.04335,-30.87421,-1.6405
41.87,969.04335,-30.87421,-1.6405
41.87,969.04335,-30.87421,-1.6405
41.94,969.04335,-30.87421,-1.6405
41.97,963.33441,-30.28363,4.95431
42.07,963.89218,-29.56181,1.6405
42.17,959.59407,-28.5447,6.59481
42.26,959.59407,-28.5447,6.59481
42.27,952.17901,-27.49478,9.90862
42.37,949.02925,-26.28081,0
42.47,945.5842,-25.13246,0
42.57,948.73396,-24.04973,-3.31381
42.58,948.73396,-24.04973,-3.31381
42.67,943.2875,-23.06543,-4.95431
42.77,941.28609,-22.14675,3.31381
42.87,941.87667,-21.35931,-9.90862
42.89,941.87667,-21.35931,-9.90862
42.89,941.87667,-21.35931,-9.90862
42.89,941.87667,-21.35931,-9.90862
42.89,941.87667,-21.35931,-9.90862
42.89,941.87667,-21.35931,-9.90862
42.9,941.87667,-21.35931,-9.90862
42.97,938.98939,-20.80154,-11.54912
43.07,940.13774,-20.47344,-4.95431
43.17,944.73114,-20.40782,8.23531
43.22,944.73114,-20.40782,8.23531
43.27,941.28609,-20.6703,3.31381
43.37,941.87667,-21.12964,18.14393
43.47,947.58561,-21.9827,21.45774
43.54,947.58561,-21.9827,21.45774
43.57,943.87808,-22.967,11.54912
43.67,940.9908,-24.08254,0
43.77,940.72832,-25.2637,-1.6405
43.86,940.72832,-25.2637,-1.6405
43.87,927.83399,-26.51048,-8.23531
43.88,927.83399,-26.51048,-8.23531
43.88,927.83399,-26.51048,-8.23531
43.88,927.83399,-26.51048,-8.23531
43.88,927.83399,-26.51048,-8.23531
43.88,927.83399,-26.51048,-8.23531
43.97,929.57292,-27.69164,-13.18962
44.07,921.82976,-28.80718,-6.59481
44.17,922.12505,-29.56181,-3.31381
44.18,922.12505,-29.56181,-3.31381
44.27,913.26635,-30.28363,-1.6405
44.37,914.11941,-30.8414,-4.95431
44.47,910.96965,-31.07107,-1.6405
44.5,910.96965,-31.07107,-1.6405
44.57,898.40342,-31.10388,-8.23531
44.67,903.2593,-30.90702,-18.14393
44.77,895.84424,-30.57892,-1.6405
44.82,895.84424,-30.57892,-1.6405
44.87,898.96119,-30.11958,-8.23531
44.89,898.96119,-30.11958,-8.23531
44.89,898.96119,-30.11958,-8.23531
44.89,898.96119,-30.11958,-8.23531
44.89,898.96119,-30.11958,-8.23531
44.89,898.96119,-30.11958,-8.23531
44.97,886.69025,-29.59462,-1.6405
45.07,882.98272,-28.97123,-8.23531
45.14,882.98272,-28.97123,-8.23531
45.17,881.83437,-28.31503,14.86293
45.27,871.26955,-27.72445,11.54912
45.37,875.83014,-27.16668,-9.90862
45.46,875.83014,-27.16668,-9.90862
45.47,867.56202,-26.70734,0
45.57,874.41931,-26.37924,-1.6405
45.67,875.27237,-26.18238,3.31381
45.77,881.53908,-26.11676,13.18962
45.78,881.53908,-26.11676,13.18962
45.87,862.70614,-26.28081,0
45.87,862.70614,-26.28081,0
45.87,862.70614,-26.28081,0
45.87,862.70614,-26.28081,0
45.87,862.70614,-26.28081,0
45.87,862.70614,-26.28081,0
45.97,865.56061,-26.54329,0
46.07,860.40944,-26.96982,-29.69305
46.1,860.40944,-26.96982,-29.69305
46.17,886.39496,-27.46197,56.1051
46.27,860.14696,-28.05255,-6.59481
46.37,852.43661,-28.64313,4.95431
46.42,852.43661,-28.64313,4.95431
46.47,863.26391,-29.2009,-4.95431
46.57,853.55215,-29.79148,-16.50343
46.67,857.29249,-30.1852,-18.14393
46.74,857.29249,-30.1852,-18.14393
46.77,841.01873,-30.54611,11.54912
46.86,841.01873,-30.54611,11.54912
46.86,841.01873,-30.54611,11.54912
46.86,841.01873,-30.54611,11.54912
46.86,841.01873,-30.54611,11.54912
46.86,841.01873,-30.54611,11.54912
46.87,831.30697,-30.64454,-13.18962
46.97,828.4525,-30.67735,-3.31381
47.06,828.4525,-30.67735,-3.31381
47.07,831.60226,-30.61173,13.18962
47.17,828.19002,-30.38206,-4.95431
47.27,824.48249,-30.11958,-4.95431
47.37,822.18579,-29.75867,9.90862
47.38,822.18579,-29.75867,9.90862
47.47,818.77355,-29.36495,0
47.57,819.62661,-28.80718,-4.95431
47.67,818.18297,-28.15098,-6.59481
47.7,818.18297,-28.15098,-6.59481
47.77,812.76932,-27.49478,3.31381
47.87,808.20873,-27.03544,3.31381
47.87,808.20873,-27.03544,3.31381
47.87,808.20873,-27.03544,3.31381
47.87,808.20873,-27.03544,3.31381
47.87,808.20873,-27.03544,3.31381
47.87,808.20873,-27.03544,3.31381
47.97,803.64814,-26.44486,0
48.02,803.64814,-26.44486,0
48.07,791.7053,-25.98552,-8.23531
48.17,797.67672,-25.49337,3.31381
48.27,796.52837,-25.2637,1.6405
48.34,796.52837,-25.2637,1.6405
48.37,792.26307,-25.2637,0
48.47,796.52837,-25.23089,-1.6405
48.57,794.82225,-25.39494,0
48.66,794.82225,-25.39494,0
48.67,796.26589,-25.62461,-8.23531
48.77,792.26307,-26.05114,4.95431
48.86,792.26307,-26.05114,4.95431
48.86,792.26307,-26.05114,4.95431
48.86,792.26307,-26.05114,4.95431
48.86,792.26307,-26.05114,4.95431
48.86,792.26307,-26.05114,4.95431
48.87,799.38284,-26.60891,3.31381
48.97,792.26307,-27.19949,1.6405
48.98,792.26307,-27.19949,1.6405
49.07,780.02494,-27.72445,1.6405
49.17,774.316,-28.08536,-1.6405
49.27,766.34317,-28.34784,1.6405
49.3,766.34317,-28.34784,1.6405
49.37,758.66563,-28.67594,-1.6405
49.47,760.37175,-29.03685,-8.23531
49.57,766.93375,-29.2009,-3.31381
49.62,766.93375,-29.2009,-3.31381
49.67,775.46435,-29.26652,3.31381
49.77,764.37457,-29.26652,-4.95431
49.86,764.37457,-29.26652,-4.95431
49.86,764.37457,-29.26652,-4.95431
49.86,764.37457,-29.26652,-4.95431
49.86,764.37457,-29.26652,-4.95431
49.86,764.37457,-29.26652,-4.95431
49.87,750.13503,-29.2009,0
49.94,750.13503,-29.2009,0
49.97,767.49152,-29.13528,-4.95431
50.07,757.81257,-29.10247,-3.31381
50.17,745.86973,-29.00404,-6.59481
50.26,745.86973,-29.00404,-6.59481
50.27,739.89831,-28.8728,4.95431
50.37,728.80853,-28.80718,-4.95431
50.47,733.6316,-28.77437,0
50.57,728.80853,-28.80718,1.6405
50.58,728.80853,-28.80718,1.6405
50.67,726.51183,-28.8728,6.59481
50.77,720.8357,-28.93842,0
50.85,720.8357,-28.93842,0
50.85,720.8357,-28.93842,0
50.85,720.8357,-28.93842,0
50.85,720.8357,-28.93842,0
50.85,720.8357,-28.93842,0
50.87,714.6018,-29.03685,-3.31381
50.9,714.6018,-29.03685,-3.31381
50.97,718.57181,-29.29933,-6.59481
51.07,728.51324,-29.72586,-11.54912
51.17,741.04666,-30.21801,-13.18962
51.22,741.04666,-30.21801,-13.18962
51.27,748.42891,-30.80859,-6.59481
51.37,714.86428,-31.46479,-3.31381
51.47,698.39366,-32.08818,-3.31381
51.54,698.39366,-32.08818,-3.31381
51.57,712.89568,-32.61314,0
51.67,710.04121,-32.84281,4.95431
51.77,704.62756,-32.97405,0
51.86,704.62756,-32.97405,0
51.86,704.62756,-32.97405,0
51.86,704.62756,-32.97405,0
51.86,704.62756,-32.97405,0
51.86,704.62756,-32.97405,0
51.86,704.62756,-32.97405,0
51.87,699.24672,-33.17091,-1.6405
51.97,687.30388,-33.20372,3.31381
52.03,687.30388,-33.20372,3.31381
52.07,679.06857,-33.17091,11.54912
52.17,677.36245,-33.07248,6.59481
52.18,677.36245,-33.07248,6.59481
52.27,679.06857,-32.90843,8.23531
52.37,668.56937,-32.64595,19.78443
52.47,670.83326,-32.28504,11.54912
52.5,670.83326,-32.28504,11.54912
52.57,669.71772,-31.79289,8.23531
52.67,669.71772,-31.23512,6.59481
52.77,682.48081,-30.71016,14.86293
52.82,682.48081,-30.71016,14.86293
52.87,678.5108,-30.1852,9.90862
52.88,678.5108,-30.1852,9.90862
52.88,678.5108,-30.1852,9.90862
52.88,678.5108,-30.1852,9.90862
52.88,678.5108,-30.1852,9.90862
52.88,678.5108,-30.1852,9.90862
52.97,656.36405,-29.62743,1.6405
53.07,651.2785,-29.03685,-4.95431
53.14,651.2785,-29.03685,-4.95431
53.17,644.45402,-28.41346,-6.59481
53.27,638.51541,-27.85569,-4.95431
53.37,632.83928,-27.65883,-19.78443
53.46,632.83928,-27.65883,-19.78443
53.47,637.66235,-27.5604,-19.78443
53.57,638.22012,-27.46197,-11.54912
53.67,668.0116,-27.42916,-9.90862
53.77,668.0116,-27.52759,1.6405
53.78,668.0116,-27.52759,1.6405
53.87,637.10458,-27.72445,6.59481
53.88,637.10458,-27.72445,6.59481
53.88,637.10458,-27.72445,6.59481
53.88,637.10458,-27.72445,6.59481
53.88,637.10458,-27.72445,6.59481
53.88,637.10458,-27.72445,6.59481
53.97,631.13316,-27.95412,24.73874
54.07,624.34149,-28.18379,13.18962
54.1,624.34149,-28.18379,13.18962
54.17,623.75091,-28.38065,-1.6405
54.27,620.07619,-28.47908,-1.6405
54.37,614.40006,-28.61032,8.23531
54.42,614.40006,-28.61032,8.23531
54.47,611.87369,-28.57751,1.6405
54.57,616.40147,-28.28222,4.95431
54.67,614.99064,-27.79007,3.31381
54.74,614.99064,-27.79007,3.31381
54.77,609.6098,-27.19949,-8.23531
54.86,609.6098,-27.19949,-8.23531
54.86,609.6098,-27.19949,-8.23531
54.86,609.6098,-27.19949,-8.23531
54.86,609.6098,-27.19949,-8.23531
54.86,609.6098,-27.19949,-8.23531
54.87,608.46145,-26.70734,-11.54912
54.97,606.75533,-26.31362,0
55.06,606.75533,-26.31362,0
55.07,605.63979,-25.88709,4.95431
55.17,607.90368,-25.42775,3.31381
55.27,602.78532,-24.96841,6.59481
55.37,585.52726,-24.47626,-8.23531
55.38,585.52726,-24.47626,-8.23531
55.47,586.6428,-23.98411,0
55.57,580.14642,-23.52477,-3.31381
55.67,577.02947,-23.06543,-6.59481
55.7,577.02947,-23.06543,-6.59481
55.77,570.53309,-22.77014,-21.45774
55.87,570.53309,-22.83576,-11.54912
55.88,570.53309,-22.83576,-11.54912
55.88,570.53309,-22.83576,-11.54912
55.88,570.53309,-22.83576,-11.54912
55.88,570.53309,-22.83576,-11.54912
55.88,570.53309,-22.83576,-11.54912
55.97,575.06087,-23.03262,-16.50343
56.02,575.06087,-23.03262,-16.50343
56.07,575.06087,-23.39353,-18.14393
56.17,577.02947,-23.82006,-18.14393
56.27,581.26196,-24.37783,-19.78443
56.34,581.26196,-24.37783,-19.78443
56.37,573.35475,-24.9356,-11.54912
56.47,576.17641,-25.42775,14.86293
56.57,599.66837,-25.75585,13.18962
56.66,599.66837,-25.75585,13.18962
56.67,600.25895,-26.08395,3.31381
56.77,575.61864,-26.37924,1.6405
56.87,542.51335,-26.70734,8.23531
56.87,542.51335,-26.70734,8.23531
56.87,542.51335,-26.70734,8.23531
56.87,542.51335,-26.70734,8.23531
56.87,542.51335,-26.70734,8.23531
56.87,542.51335,-26.70734,8.23531
56.97,541.39781,-26.83858,-8.23531
56.98,541.39781,-26.83858,-8.23531
57.07,537.69028,-26.83858,-4.95431
57.17,537.69028,-26.67453,8.23531
57.27,539.3964,-26.47767,1.6405
57.3,539.3964,-26.47767,1.6405
57.37,543.36641,-26.21519,-8.23531
57.47,542.21806,-25.82147,-4.95431
57.57,541.95558,-25.39494,1.6405
57.62,541.95558,-25.39494,1.6405
57.67,534.60614,-24.9356,6.59481
57.77,528.93001,-24.44345,8.23531
57.87,523.58198,-23.9513,-3.31381
57.88,523.58198,-23.9513,-3.31381
57.88,523.58198,-23.9513,-3.31381
57.88,523.58198,-23.9513,-3.31381
57.88,523.58198,-23.9513,-3.31381
57.88,523.58198,-23.9513,-3.31381
57.94,523.58198,-23.9513,-3.31381
57.97,525.25529,-23.45915,-8.23531
58.07,517.0856,-22.967,-11.54912
58.17,519.61197,-22.44204,-3.31381
58.26,519.61197,-22.44204,-3.31381
58.27,515.93725,-21.9827,11.54912
58.37,520.76032,-21.78584,1.6405
58.47,532.60473,-21.68741,8.23531
58.57,539.95417,-21.58898,6.59481
58.58,539.95417,-21.58898,6.59481
58.67,528.10976,-21.62179,1.6405
58.77,512.55782,-21.94989,3.31381
58.87,496.7434,-22.50766,3.31381
58.87,496.7434,-22.50766,3.31381
58.87,496.7434,-22.50766,3.31381
58.87,496.7434,-22.50766,3.31381
58.87,496.7434,-22.50766,3.31381
58.87,496.7434,-22.50766,3.31381
58.9,496.7434,-22.50766,3.31381
58.97,506.32392,-23.03262,4.95431
59.07,505.50367,-23.59039,1.6405
59.17,506.61921,-24.18097,9.90862
59.22,506.61921,-24.18097,9.90862
59.27,495.33257,-24.77155,14.86293
59.37,496.18563,-25.32932,3.31381
59.47,491.10008,-25.9199,8.23531
59.54,491.10008,-25.9199,8.23531
59.57,488.5409,-26.47767,1.6405
59.67,486.01453,-27.03544,-8.23531
59.77,487.13007,-27.59321,-13.18962
59.86,487.13007,-27.59321,-13.18962
59.86,487.13007,-27.59321,-13.18962
59.86,487.13007,-27.59321,-13.18962
59.86,487.13007,-27.59321,-13.18962
59.86,487.13007,-27.59321,-13.18962
59.86,487.13007,-27.59321,-13.18962
59.87,480.07592,-28.08536,4.95431
59.97,481.78204,-28.57751,6.59481
60.07,492.77339,-29.10247,3.31381
60.17,499.56506,-29.49619,-6.59481
60.18,499.56506,-29.49619,-6.59481
60.27,488.83619,-29.88991,4.95431
60.37,469.08457,-30.1852,-3.31381
60.47,464.2615,-30.34925,-8.23531
60.5,464.2615,-30.34925,-8.23531
60.57,459.76653,-30.44768,-11.54912
60.67,457.79793,-30.61173,-3.31381
60.77,454.68098,-30.67735,0
60.82,454.68098,-30.67735,0
60.87,451.00626,-30.77578,-1.6405
60.87,451.00626,-30.77578,-1.6405
60.87,451.00626,-30.77578,-1.6405
60.87,451.00626,-30.77578,-1.6405
60.87,451.00626,-30.77578,-1.6405
60.87,451.00626,-30.77578,-1.6405
60.97,448.1846,-30.64454,1.6405
61.07,444.54269,-30.44768,14.86293
61.14,444.54269,-30.44768,14.86293
61.17,436.07771,-30.11958,3.31381
61.27,434.66688,-29.69305,6.59481
61.37,436.93077,-29.10247,6.59481
61.46,436.93077,-29.10247,6.59481
61.47,436.07771,-28.34784,8.23531
61.57,439.75243,-27.46197,1.6405
61.67,437.48854,-26.44486,24.73874
61.77,434.10911,-25.29651,21.45774
61.78,434.10911,-25.29651,21.45774
61.87,433.25605,-24.11535,9.90862
61.88,433.25605,-24.11535,9.90862
61.88,433.25605,-24.11535,9.90862
61.88,433.25605,-24.11535,9.90862
61.88,433.25605,-24.11535,9.90862
61.88,433.25605,-24.11535,9.90862
61.97,417.21196,-22.93419,9.90862
62.07,412.4217,-21.78584,8.23531
62.1,412.4217,-21.78584,8.23531
62.17,416.06361,-20.73592,9.90862
62.27,408.45169,-19.85005,3.31381
62.37,406.22061,-19.12823,3.31381
62.42,406.22061,-19.12823,3.31381
62.47,409.86252,-18.60327,-11.54912
62.57,402.54589,-18.14393,-1.6405
62.67,400.282,-17.81583,-8.23531
62.74,400.282,-17.81583,-8.23531
62.77,407.33615,-17.65178,-9.90862
62.87,401.43035,-17.68459,-9.90862
62.88,401.43035,-17.68459,-9.90862
62.88,401.43035,-17.68459,-9.90862
62.88,401.43035,-17.68459,-9.90862
62.88,401.43035,-17.68459,-9.90862
62.88,401.43035,-17.68459,-9.90862
62.97,398.3134,-17.91426,-6.59481
63.06,398.3134,-17.91426,-6.59481
63.07,398.3134,-18.34079,-1.6405
63.17,397.19786,-18.89856,-4.95431
63.27,401.43035,-19.62038,-1.6405
63.37,405.92532,-20.44063,8.23531
63.38,405.92532,-20.44063,8.23531
63.47,414.94807,-21.35931,11.54912
63.57,412.68418,-22.37642,4.95431
63.67,406.48309,-23.39353,4.95431
63.7,406.48309,-23.39353,4.95431
63.77,406.48309,-24.47626,4.95431
63.87,400.01952,-25.52618,3.31381
63.89,400.01952,-25.52618,3.31381
63.89,400.01952,-25.52618,3.31381
63.89,400.01952,-25.52618,3.31381
63.89,400.01952,-25.52618,3.31381
63.89,400.01952,-25.52618,3.31381
63.97,380.03823,-26.5761,6.59481
64.02,380.03823,-26.5761,6.59481
64.07,367.07828,-27.49478,0
64.17,361.73025,-28.24941,9.90862
64.27,361.73025,-28.90561,3.31381
64.34,361.73025,-28.90561,3.31381
64.37,366.25803,-29.43057,-1.6405
64.47,361.73025,-29.79148,-4.95431
64.57,367.63605,-30.05396,-14.86293
64.66,367.63605,-30.05396,-14.86293
64.67,368.7844,-30.25082,-19.78443
64.77,366.8158,-30.34925,-23.09824
64.87,359.76165,-30.48049,-11.54912
64.87,359.76165,-30.48049,-11.54912
64.87,359.76165,-30.48049,-11.54912
64.87,359.76165,-30.48049,-11.54912
64.87,359.76165,-30.48049,-11.54912
64.87,359.76165,-30.48049,-11.54912
64.97,351.88725,-30.61173,-1.6405
64.98,351.88725,-30.61173,-1.6405
65.07,352.74031,-30.77578,-6.59481
65.17,350.77171,-30.93983,-9.90862
65.27,347.39228,-31.00545,-1.6405
65.3,347.39228,-31.00545,-1.6405
65.37,341.48648,-31.1695,-3.31381
65.47,336.17126,-31.30074,-4.95431
65.57,331.64348,-31.46479,-8.23531
65.62,331.64348,-31.46479,-8.23531
65.67,331.08571,-31.69446,-6.59481
65.77,327.14851,-31.85851,3.31381
65.87,323.24412,-31.95694,-4.95431
65.87,323.24412,-31.95694,-4.95431
65.87,323.24412,-31.95694,-4.95431
65.87,323.24412,-31.95694,-4.95431
65.87,323.24412,-31.95694,-4.95431
65.87,323.24412,-31.95694,-4.95431
65.94,323.24412,-31.95694,-4.95431
65.97,324.06437,-32.12099,-3.31381
66.07,325.21272,-32.28504,-9.90862
66.17,323.5066,-32.38347,6.59481
66.26,323.5066,-32.38347,6.59481
66.27,316.48526,-32.35066,-6.59481
66.37,311.43252,-32.08818,0
66.47,307.79061,-31.69446,18.14393
66.57,306.64226,-31.07107,19.78443
66.58,306.64226,-31.07107,19.78443
66.67,298.50538,-30.28363,0
66.77,287.57965,-29.43057,-4.95431
66.85,287.57965,-29.43057,-4.95431
66.85,287.57965,-29.43057,-4.95431
66.85,287.57965,-29.43057,-4.95431
66.85,287.57965,-29.43057,-4.95431
66.85,287.57965,-29.43057,-4.95431
66.87,283.90493,-28.47908,-9.90862
66.9,283.90493,-28.47908,-9.90862
66.97,279.70525,-27.49478,-13.18962
67.07,278.03194,-26.37924,-11.54912
67.17,276.9164,-25.2637,-8.23531
67.22,276.9164,-25.2637,-8.23531
67.27,288.13742,-24.11535,-4.95431
67.37,275.21028,-23.09824,0
67.47,275.50557,-22.08113,-6.59481
67.54,275.50557,-22.08113,-6.59481
67.57,276.06334,-21.12964,-1.6405
67.67,275.50557,-20.30939,4.95431
67.77,276.9164,-19.686,-1.6405
67.86,276.9164,-19.686,-1.6405
67.86,276.9164,-19.686,-1.6405
67.86,276.9164,-19.686,-1.6405
67.86,276.9164,-19.686,-1.6405
67.86,276.9164,-19.686,-1.6405
67.86,276.9164,-19.686,-1.6405
67.87,281.11608,-19.22666,4.95431
67.97,268.48423,-18.99699,6.59481
68.07,251.39022,-19.0298,0
68.17,246.04219,-19.3579,-4.95431
68.18,246.04219,-19.3579,-4.95431
68.27,247.74831,-19.98129,9.90862
68.37,257.82098,-20.86716,13.18962
68.47,263.16901,-22.04832,8.23531
68.5,263.16901,-22.04832,8.23531
68.57,271.30589,-23.39353,6.59481
68.67,268.22175,-24.96841,11.54912
68.77,265.40009,-26.64172,-1.6405
68.82,265.40009,-26.64172,-1.6405
68.87,259.5271,-28.38065,3.31381
68.87,259.5271,-28.38065,3.31381
68.87,259.5271,-28.38065,3.31381
68.87,259.5271,-28.38065,3.31381
68.87,259.5271,-28.38065,3.31381
68.87,259.5271,-28.38065,3.31381
68.97,255.29461,-30.15239,4.95431
69.07,254.47436,-31.89132,0
69.14,254.47436,-31.89132,0
69.17,248.56856,-33.53182,0
69.27,241.28474,-34.97546,-4.95431
69.37,230.09653,-36.35348,0
69.46,230.09653,-36.35348,0
69.47,236.82258,-37.50183,1.6405
69.57,234.29621,-38.32208,0
69.67,223.63296,-38.81423,-8.23531
69.77,220.28634,-39.01109,-3.31381
69.78,220.28634,-39.01109,-3.31381
69.87,215.79137,-39.01109,1.6405
69.88,215.79137,-39.01109,1.6405
69.88,215.79137,-39.01109,1.6405
69.88,215.79137,-39.01109,1.6405
69.88,215.79137,-39.01109,1.6405
69.88,215.79137,-39.01109,1.6405
69.97,207.12953,-38.78142,-1.6405
70.07,196.2038,-38.32208,0
70.1,196.2038,-38.32208,0
70.17,194.79297,-37.63307,-1.6405
70.27,188.6575,-36.68158,-1.6405
70.37,185.27807,-35.53323,3.31381
70.42,185.27807,-35.53323,3.31381
70.47,181.93145,-34.25364,4.95431
70.57,179.96285,-32.77719,8.23531
70.67,179.1426,-31.26793,13.18962
70.74,179.1426,-31.26793,13.18962
70.77,179.96285,-29.98834,14.86293
70.87,182.19393,-28.90561,4.95431
70.88,182.19393,-28.90561,4.95431
70.88,182.19393,-28.90561,4.95431
70.88,182.19393,-28.90561,4.95431
70.88,182.19393,-28.90561,4.95431
70.88,182.19393,-28.90561,4.95431
70.97,171.30101,-27.8885,11.54912
71.06,171.30101,-27.8885,11.54912
71.07,169.33241,-27.03544,6.59481
71.17,164.87025,-26.41205,6.59481
71.27,165.6905,-25.9199,4.95431
71.37,160.67057,-25.5918,3.31381
71.38,160.67057,-25.5918,3.31381
71.47,154.5351,-25.29651,-3.31381
71.57,172.71184,-25.16527,-11.54912
71.67,171.00572,-25.19808,-19.78443
71.7,171.00572,-25.19808,-19.78443
71.77,159.55503,-25.36213,-8.23531
71.87,146.13574,-25.65742,-6.59481
71.87,146.13574,-25.65742,-6.59481
71.87,146.13574,-25.65742,-6.59481
71.87,146.13574,-25.65742,-6.59481
71.87,146.13574,-25.65742,-6.59481
71.87,146.13574,-25.65742,-6.59481
71.97,146.13574,-25.98552,-3.31381
72.02,146.13574,-25.98552,-3.31381
72.07,148.92459,-26.41205,-3.31381
72.17,144.46243,-26.77296,6.59481
72.27,142.78912,-27.16668,19.78443
72.34,142.78912,-27.16668,19.78443
72.37,139.14721,-27.5604,11.54912
72.47,134.68505,-27.8885,21.45774
72.57,149.21988,-28.08536,9.90862
72.66,149.21988,-28.08536,9.90862
72.67,148.92459,-28.18379,6.59481
72.77,118.47691,-28.2166,0
72.86,118.47691,-28.2166,0
72.86,118.47691,-28.2166,0
72.86,118.47691,-28.2166,0
72.86,118.47691,-28.2166,0
72.86,118.47691,-28.2166,0
72.87,108.99482,-28.11817,-11.54912
72.97,117.06608,-27.98693,-8.23531
72.98,117.06608,-27.98693,-8.23531
73.07,110.93061,-27.75726,-14.86293
73.17,108.69953,-27.42916,-14.86293
73.27,115.95054,-27.00263,-6.59481
73.3,115.95054,-27.00263,-6.59481
73.37,116.24583,-26.34643,-3.31381
73.47,117.36137,-25.52618,4.95431
73.57,112.89921,-24.67312,1.6405
73.62,112.89921,-24.67312,1.6405
73.67,102.82654,-23.91849,-9.90862
73.77,96.1333,-23.22948,28.05255
73.87,88.61981,-22.54047,9.90862
73.87,88.61981,-22.54047,9.90862
73.87,88.61981,-22.54047,9.90862
73.87,88.61981,-22.54047,9.90862
73.87,88.61981,-22.54047,9.90862
73.87,88.61981,-22.54047,9.90862
73.94,88.61981,-22.54047,9.90862
73.97,93.08197,-21.91708,-6.59481
74.07,90.85089,-21.19526,-6.59481
74.17,88.88229,-20.6703,6.59481
74.26,88.88229,-20.6703,6.59481
74.27,82.48434,-20.24377,0
74.37,78.02218,-19.88286,-8.23531
74.47,78.02218,-19.65319,-11.54912
74.57,88.06204,-19.45633,-6.59481
74.58,88.06204,-19.45633,-6.59481
74.67,85.27319,-19.42352,-1.6405
74.77,79.95797,-19.65319,-3.31381
74.86,79.95797,-19.65319,-3.31381
74.86,79.95797,-19.65319,-3.31381
74.86,79.95797,-19.65319,-3.31381
74.86,79.95797,-19.65319,-3.31381
74.86,79.95797,-19.65319,-3.31381
74.87,83.86236,-19.98129,-3.31381
74.9,83.86236,-19.98129,-3.31381
74.97,77.46441,-20.47344,-8.23531
75.07,74.67556,-21.09683,0
75.17,73.00225,-21.81865,1.6405
75.22,73.00225,-21.81865,1.6405
75.27,71.88671,-22.54047,0
75.37,89.44006,-23.32791,-13.18962
75.47,95.31305,-24.11535,11.54912
75.54,95.31305,-24.11535,11.54912
75.57,61.28908,-24.83717,11.54912
75.67,46.49177,-25.55899,6.59481
75.77,48.16508,-26.14957,6.59481
75.85,48.16508,-26.14957,6.59481
75.85,48.16508,-26.14957,6.59481
75.85,48.16508,-26.14957,6.59481
75.85,48.16508,-26.14957,6.59481
75.85,48.16508,-26.14957,6.59481
75.86,48.16508,-26.14957,6.59481
75.87,53.18501,-26.70734,-24.73874
75.97,48.16508,-27.03544,3.31381
76.07,57.38469,-27.26511,3.31381
76.17,41.76713,-27.33073,-3.31381
76.18,41.76713,-27.33073,-3.31381
76.27,41.20936,-27.2323,-19.78443
76.37,48.72285,-26.96982,11.54912
76.47,43.17796,-26.54329,6.59481
76.5,43.17796,-26.54329,6.59481
76.57,41.76713,-25.82147,18.14393
76.67,34.25364,-25.00122,19.78443
76.77,36.18943,-24.04973,-1.6405
76.82,36.18943,-24.04973,-1.6405
76.85,36.18943,-24.04973,-1.6405
76.85,36.18943,-24.04973,-1.6405
76.85,36.18943,-24.04973,-1.6405
76.85,36.18943,-24.04973,-1.6405
76.85,36.18943,-24.04973,-1.6405
76.87,33.95835,-22.99981,-161.68768
76.97,6.39795,-21.88427,-130.35413
77.07,5.28241,-20.70311,-206.24366
77.14,5.28241,-20.70311,-206.24366
77.17,9.1868,-19.48914,-115.4912
77.27,8.33374,-18.24236,-67.65422
77.37,11.41788,-16.86434,-4.95431
77.46,11.41788,-16.86434,-4.95431
77.47,15.88004,-15.51913,141.90325
77.57,20.30939,-14.33797,-46.19648
77.67,23.09824,-13.22243,-59.3861
77.77,20.04691,-12.04127,-77.56284
77.78,20.04691,-12.04127,-77.56284
77.87,5.01993,-10.79449,-39.60167
77.87,5.01993,-10.79449,-39.60167
77.87,5.01993,-10.79449,-39.60167
77.87,5.01993,-10.79449,-39.60167
77.87,5.01993,-10.79449,-39.60167
77.87,5.01993,-10.79449,-39.60167
77.97,10.86011,-9.64614,-34.64736
78.07,0.55777,-8.46498,-33.00686
78.1,0.55777,-8.46498,-33.00686
78.17,3.34662,-7.38225,-33.00686
78.27,-2.49356,-6.36514,-36.28786
78.37,5.01993,-5.34803,-36.28786
78.42,5.01993,-5.34803,-36.28786
78.47,-0.26248,-4.39654,-33.00686
78.57,9.1868,-3.47786,-41.24217
78.67,5.5777,-2.65761,-33.00686
78.74,5.5777,-2.65761,-33.00686
78.77,8.62903,-1.90298,-36.28786
78.87,2.78885,-1.21397,-37.96117
78.87,2.78885,-1.21397,-37.96117
78.87,2.78885,-1.21397,-37.96117
78.87,2.78885,-1.21397,-37.96117
78.87,2.78885,-1.21397,-37.96117
78.87,2.78885,-1.21397,-37.96117
78.97,1.11554,-0.72182,-36.28786
79.06,1.11554,-0.72182,-36.28786
79.07,1.37802,-0.22967,-36.28786
79.17,0.55777,0.26248,-31.36636
79.27,2.78885,0.72182,-31.36636
79.37,1.93579,1.08273,-28.05255
79.38,1.93579,1.08273,-28.05255
79.47,0.55777,1.44364,-31.36636
79.57,8.33374,1.73893,-34.64736
79.67,9.74457,1.90298,-34.64736
79.7,9.74457,1.90298,-34.64736
79.77,6.95572,1.90298,-37.96117
79.87,10.00705,1.83736,-37.96117
79.88,10.00705,1.83736,-37.96117
79.88,10.00705,1.83736,-37.96117
79.88,10.00705,1.83736,-37.96117
79.88,10.00705,1.83736,-37.96117
79.88,10.00705,1.83736,-37.96117
79.97,3.05133,1.73893,-34.64736
80.02,3.05133,1.73893,-34.64736
80.07,8.33374,1.50926,-33.00686
80.17,8.33374,1.24678,-41.24217
80.27,8.07126,0.95149,-37.96117
80.34,8.07126,0.95149,-37.96117
80.37,4.46216,0.62339,-37.96117
80.47,7.80878,0.29529,-33.00686
80.57,11.41788,0,-37.96117
80.66,11.41788,0,-37.96117
80.67,10.30234,-0.3281,-37.96117
80.77,4.72464,-0.59058,-37.96117
80.85,4.72464,-0.59058,-37.96117
80.85,4.72464,-0.59058,-37.96117
80.85,4.72464,-0.59058,-37.96117
80.85,4.72464,-0.59058,-37.96117
80.85,4.72464,-0.59058,-37.96117
80.87,4.46216,-0.91868,-36.28786
80.97,5.28241,-1.24678,-37.96117
80.98,5.28241,-1.24678,-37.96117
81.07,10.56482,-1.47645,-33.00686
81.17,6.39795,-1.70612,-31.36636
81.27,8.62903,-1.87017,-34.64736
81.3,8.62903,-1.87017,-34.64736
81.37,5.28241,-1.9686,-39.60167
81.47,7.25101,-2.03422,-28.05255
81.57,10.00705,-2.00141,-37.96117
81.62,10.00705,-2.00141,-37.96117
81.67,4.72464,-1.90298,-36.28786
81.77,-3.05133,-1.80455,-41.24217
81.86,-3.05133,-1.80455,-41.24217
81.86,-3.05133,-1.80455,-41.24217
81.86,-3.05133,-1.80455,-41.24217
81.86,-3.05133,-1.80455,-41.24217
81.86,-3.05133,-1.80455,-41.24217
81.87,11.41788,-1.67331,-34.64736
81.94,11.41788,-1.67331,-34.64736
81.97,6.39795,-1.54207,-31.36636
82.07,-0.26248,-1.34521,-36.28786
82.17,1.37802,-1.14835,-36.28786
82.26,1.37802,-1.14835,-36.28786
82.27,4.16687,-0.95149,-37.96117
82.37,-0.26248,-0.78744,-41.24217
82.47,1.11554,-0.6562,-34.64736
82.57,6.13547,-0.45934,-36.28786
82.58,6.13547,-0.45934,-36.28786
82.67,0.82025,-0.36091,-34.64736
82.77,13.09119,-0.26248,-36.28786
82.87,0.82025,-0.16405,-34.64736
82.89,0.82025,-0.16405,-34.64736
82.89,0.82025,-0.16405,-34.64736
82.89,0.82025,-0.16405,-34.64736
82.89,0.82025,-0.16405,-34.64736
82.89,0.82025,-0.16405,-34.64736
82.9,0.82025,-0.16405,-34.64736
82.97,-1.93579,-0.03281,-39.60167
83.07,8.89151,0.06562,-36.28786
83.17,0.26248,0.16405,-31.36636
83.22,0.26248,0.16405,-31.36636
83.27,7.25101,0.22967,-31.36636
83.37,5.28241,0.29529,-34.64736
83.47,4.72464,0.42653,-41.24217
83.54,4.72464,0.42653,-41.24217
83.57,4.16687,0.52496,-34.64736
83.67,9.1868,0.59058,-31.36636
83.77,6.39795,0.62339,-41.24217
83.86,6.39795,0.62339,-41.24217
83.87,1.11554,0.75463,-36.28786
83.87,1.11554,0.75463,-36.28786
83.87,1.11554,0.75463,-36.28786
83.87,1.11554,0.75463,-36.28786
83.87,1.11554,0.75463,-36.28786
83.87,1.11554,0.75463,-36.28786
83.97,4.16687,0.82025,-37.96117
84.07,4.16687,0.82025,-36.28786
84.17,2.23108,0.91868,-36.28786
84.18,2.23108,0.91868,-36.28786
84.27,1.93579,0.9843,-34.64736
84.37,1.11554,1.01711,-31.36636
84.47,-0.55777,1.08273,-37.96117
84.5,-0.55777,1.08273,-37.96117
84.57,6.39795,1.18116,-37.96117
84.67,0,1.24678,-36.28786
84.77,6.95572,1.34521,-33.00686
84.82,6.95572,1.34521,-33.00686
84.87,8.33374,1.3124,-36.28786
84.87,8.33374,1.3124,-36.28786
84.87,8.33374,1.3124,-36.28786
84.87,8.33374,1.3124,-36.28786
84.87,8.33374,1.3124,-36.28786
84.87,8.33374,1.3124,-36.28786
84.97,10.56482,1.21397,-37.96117
85.07,8.33374,1.18116,-37.96117
85.14,8.33374,1.18116,-37.96117
85.17,6.95572,1.11554,-37.96117
85.27,6.39795,1.04992,-29.69305
85.37,7.51349,0.88587,-39.60167
85.46,7.51349,0.88587,-39.60167
85.47,13.09119,0.68901,-39.60167
85.57,6.13547,0.55777,-39.60167
85.67,2.78885,0.42653,-31.36636
85.77,2.49356,0.29529,-34.64736
85.78,2.49356,0.29529,-34.64736
85.87,4.46216,0.13124,-33.00686
85.89,4.46216,0.13124,-33.00686
85.89,4.46216,0.13124,-33.00686
85.89,4.46216,0.13124,-33.00686
85.89,4.46216,0.13124,-33.00686
85.89,4.46216,0.13124,-33.00686
85.97,2.49356,-0.03281,-29.69305
86.07,0.82025,-0.16405,-37.96117
86.1,0.82025,-0.16405,-37.96117
86.17,10.30234,-0.3281,-39.60167
86.27,7.25101,-0.45934,-34.64736
86.37,6.13547,-0.59058,-34.64736
86.42,6.13547,-0.59058,-34.64736
86.47,10.30234,-0.72182,-33.00686
86.57,10.56482,-0.75463,-29.69305
86.67,11.12259,-0.85306,-36.28786
86.74,11.12259,-0.85306,-36.28786
86.77,8.33374,-0.85306,-36.28786
86.85,8.33374,-0.85306,-36.28786
86.85,8.33374,-0.85306,-36.28786
86.85,8.33374,-0.85306,-36.28786
86.85,8.33374,-0.85306,-36.28786
86.85,8.33374,-0.85306,-36.28786
86.87,4.16687,-0.88587,-37.96117
86.97,0.82025,-0.88587,-37.96117
87.06,0.82025,-0.88587,-37.96117
87.07,3.34662,-0.85306,-39.60167
87.17,7.80878,-0.85306,-37.96117
87.27,5.28241,-0.88587,-39.60167
87.37,-1.11554,-0.88587,-34.64736
87.38,-1.11554,-0.88587,-34.64736
87.47,-1.37802,-0.82025,-39.60167
87.57,11.12259,-0.78744,-36.28786
87.67,8.07126,-0.68901,-33.00686
87.7,8.07126,-0.68901,-33.00686
87.77,10.00705,-0.59058,-31.36636
87.86,10.00705,-0.59058,-31.36636
87.86,10.00705,-0.59058,-31.36636
87.86,10.00705,-0.59058,-31.36636
87.86,10.00705,-0.59058,-31.36636
87.86,10.00705,-0.59058,-31.36636
87.87,2.78885,-0.45934,-33.00686
87.97,5.28241,-0.29529,-36.28786
88.02,5.28241,-0.29529,-36.28786
88.07,3.34662,-0.13124,-37.96117
88.17,-0.26248,0.09843,-31.36636
88.27,6.95572,0.29529,-34.64736
88.34,6.95572,0.29529,-34.64736
88.37,2.49356,0.45934,-34.64736
88.47,5.01993,0.6562,-39.60167
88.57,6.39795,0.78744,-33.00686
88.66,6.39795,0.78744,-33.00686
88.67,2.78885,0.9843,-31.36636
88.77,7.80878,1.08273,-39.60167
88.87,2.23108,1.11554,-34.64736
88.88,2.23108,1.11554,-34.64736
88.88,2.23108,1.11554,-34.64736
88.88,2.23108,1.11554,-34.64736
88.88,2.23108,1.11554,-34.64736
88.88,2.23108,1.11554,-34.64736
88.97,7.80878,1.14835,-33.00686
88.98,7.80878,1.14835,-33.00686
89.07,7.80878,1.21397,-34.64736
89.17,3.6091,1.24678,-34.64736
89.27,-0.26248,1.27959,-41.24217
89.3,-0.26248,1.27959,-41.24217
89.37,1.11554,1.3124,-36.28786
89.47,4.46216,1.34521,-36.28786
89.57,9.74457,1.37802,-33.00686
89.62,9.74457,1.37802,-33.00686
89.67,10.86011,1.41083,-34.64736
89.77,9.1868,1.41083,-34.64736
89.86,9.1868,1.41083,-34.64736
89.86,9.1868,1.41083,-34.64736
89.86,9.1868,1.41083,-34.64736
89.86,9.1868,1.41083,-34.64736
89.86,9.1868,1.41083,-34.64736
89.87,10.56482,1.44364,-36.28786
89.94,10.56482,1.44364,-36.28786
89.97,6.95572,1.54207,-34.64736
90.07,8.89151,1.67331,-34.64736
90.17,5.5777,1.83736,-39.60167
90.26,5.5777,1.83736,-39.60167
90.27,8.33374,2.13265,-33.00686
90.37,5.84018,2.42794,-39.60167
90.47,3.34662,2.78885,-37.96117
90.57,3.6091,3.18257,-39.60167
90.58,3.6091,3.18257,-39.60167
90.67,11.41788,3.57629,-36.28786
90.77,5.84018,3.9372,-33.00686
90.87,3.90439,4.23249,-33.00686
90.87,3.90439,4.23249,-33.00686
90.87,3.90439,4.23249,-33.00686
90.87,3.90439,4.23249,-33.00686
90.87,3.90439,4.23249,-33.00686
90.87,3.90439,4.23249,-33.00686
90.9,3.90439,4.23249,-33.00686
90.97,3.6091,4.49497,-36.28786
91.07,12.53342,4.69183,-36.28786
91.17,6.39795,4.79026,-36.28786
91.22,6.39795,4.79026,-36.28786
91.27,12.23813,4.75745,-37.96117
91.37,12.7959,4.72464,-41.24217
91.47,15.02698,4.62621,-36.28786
91.54,15.02698,4.62621,-36.28786
91.57,7.51349,4.49497,-33.00686
91.67,7.51349,4.29811,-36.28786
91.77,6.39795,4.06844,-34.64736
91.86,6.39795,4.06844,-34.64736
91.87,17.81583,4.06844,-39.60167
91.96,17.81583,4.06844,-39.60167